grp_a_consent/grp_d1_inputs/rpt_d_nonlabor_inputs/d1_plotcode,grp_a_consent/grp_d1_inputs/rpt_d_nonlabor_inputs/d1_plotsize,grp_a_consent/grp_d1_inputs/rpt_d_nonlabor_inputs/d1_potatovariety,grp_a_consent/grp_d1_inputs/rpt_d_nonlabor_inputs/d1_potatovariety_other,grp_a_consent/grp_d1_inputs/rpt_d_nonlabor_inputs/d1_sourceofseed,grp_a_consent/grp_d1_inputs/rpt_d_nonlabor_inputs/d1_sourceofseed_other,grp_a_consent/grp_d1_inputs/rpt_d_nonlabor_inputs/d1_distancetosource,grp_a_consent/grp_d1_inputs/rpt_d_nonlabor_inputs/note_inputs,_id,_uuid,_submission_time,_index,_parent_table_name,_parent_index,_tags,_notes,_version
1,1.0,7,,4,,30,,,,,1,Potato,1,,,
1,1.0,1,,9,,25,,,,,2,Potato,3,,,
1,3.0,1,,1,,,,,,,3,Potato,4,,,
1,1.0,1,,3,,60,,,,,4,Potato,5,,,
1,1.0,1,,9,,7,,,,,5,Potato,6,,,
1,0.5,1,,3,,60,,,,,6,Potato,7,,,
1,1.0,1,,1,,,,,,,7,Potato,8,,,
1,1.0,other,NYAYO,9,,20,,,,,8,Potato,9,,,
1,0.2,1,,2,,12,,,,,9,Potato,10,,,
1,1.0,1,,5,,200,,,,,10,Potato,11,,,
1,1.0,1,,9,,14,,,,,11,Potato,12,,,
1,1.0,2,,9,,3,,,,,12,Potato,13,,,
1,1.0,1,,2,,32,,,,,13,Potato,14,,,
1,1.0,1,,9,,3,,,,,14,Potato,15,,,
1,1.0,1,,9,,3,,,,,15,Potato,16,,,
2,1.0,6,,9,,14,,,,,16,Potato,20,,,
2,1.0,,,9,,14,,,,,17,Potato,20,,,
1,0.25,1,,9,,15,,,,,18,Potato,21,,,
1,0.25,1,,9,,7,,,,,19,Potato,22,,,
1,0.25,1,,4,,2,,,,,20,Potato,22,,,
1,0.1,1,,3,,1,,,,,21,Potato,23,,,
1,0.1,1,,3,,1,,,,,22,Potato,23,,,
,,,,,,,,,,,23,Potato,23,,,
,,,,,,,,,,,24,Potato,23,,,
1,1.0,1,,9,,3,,,,,25,Potato,25,,,
1,1.0,7,,9,,5,,,,,26,Potato,26,,,
