grp_a_consent/rpt_secg_foodcnsmptn/grp_secg_header/secg_note1,grp_a_consent/rpt_secg_foodcnsmptn/grp_secg_header/secg_note2,grp_a_consent/rpt_secg_foodcnsmptn/grp_secg_header/seck3_note3,grp_a_consent/rpt_secg_foodcnsmptn/grp_e_femaleheader/sech_femalenote1,grp_a_consent/rpt_secg_foodcnsmptn/rpt_e_femalefoodconsume_count,grp_a_consent/rpt_secg_foodcnsmptn/e_femaleeatoutyesterday,grp_a_consent/rpt_secg_foodcnsmptn/grp_e_childheader/sech_childnote1,grp_a_consent/rpt_secg_foodcnsmptn/grp_e_childheader/sech_childnote2,grp_a_consent/rpt_secg_foodcnsmptn/rpt_e_childfoodconsume_count,grp_a_consent/rpt_secg_foodcnsmptn/e_childeatoutyesterday,_id,_uuid,_submission_time,_index,_parent_table_name,_parent_index,_tags,_notes,_version
,,,,16,2,,,16,,,,,1,Potato,1,,,
,,,,16,2,,,16,,,,,2,Potato,2,,,
,,,,16,2,,,16,2,,,,3,Potato,3,,,
,,,,16,,,,16,,,,,4,Potato,4,,,
,,,,16,,,,16,,,,,5,Potato,5,,,
,,,,16,2,,,16,,,,,6,Potato,6,,,
,,,,16,,,,16,,,,,7,Potato,7,,,
,,,,16,,,,16,,,,,8,Potato,8,,,
,,,,16,2,,,16,,,,,9,Potato,9,,,
,,,,16,,,,16,,,,,10,Potato,10,,,
,,,,16,,,,16,,,,,11,Potato,11,,,
,,,,16,,,,16,,,,,12,Potato,12,,,
,,,,16,,,,16,,,,,13,Potato,13,,,
,,,,16,1,,,16,1,,,,14,Potato,14,,,
,,,,16,,,,16,,,,,15,Potato,15,,,
,,,,16,2,,,16,2,,,,16,Potato,16,,,
,,,,16,,,,16,,,,,17,Potato,17,,,
,,,,16,,,,16,,,,,18,Potato,18,,,
,,,,16,2,,,16,,,,,19,Potato,19,,,
,,,,16,2,,,16,2,,,,20,Potato,20,,,
,,,,16,,,,16,,,,,21,Potato,21,,,
,,,,16,,,,16,,,,,22,Potato,22,,,
,,,,16,2,,,16,2,,,,23,Potato,23,,,
,,,,16,2,,,16,2,,,,24,Potato,24,,,
,,,,16,2,,,16,2,,,,25,Potato,25,,,
,,,,16,,,,16,,,,,26,Potato,26,,,
