grp_a_consent/grp_b_farmproduction/rpt_b3_livestockproducts/note_lvesckprod,grp_a_consent/grp_b_farmproduction/rpt_b3_livestockproducts/b3_livestockproducts,grp_a_consent/grp_b_farmproduction/rpt_b3_livestockproducts/b3_livestockproductsqnty,grp_a_consent/grp_b_farmproduction/rpt_b3_livestockproducts/b3_livestockproductunits,grp_a_consent/grp_b_farmproduction/rpt_b3_livestockproducts/b3_foodqnty,grp_a_consent/grp_b_farmproduction/rpt_b3_livestockproducts/b3_livestockproductspffood,grp_a_consent/grp_b_farmproduction/rpt_b3_livestockproducts/b3_qntysold,grp_a_consent/grp_b_farmproduction/rpt_b3_livestockproducts/b3_livestockproduct_qnty,grp_a_consent/grp_b_farmproduction/rpt_b3_livestockproducts/b3_livestockproduct_unitprice,_id,_uuid,_submission_time,_index,_parent_table_name,_parent_index,_tags,_notes,_version
,1,45.0,1,5.0,1,40.0,1,40.0,,,,1,Potato,5,,,
,1,10.0,1,2.0,1,8.0,1,40.0,,,,2,Potato,6,,,
,1,40.0,1,5.0,1,35.0,1,40.0,,,,3,Potato,7,,,
,1,21.0,1,1.0,1,20.0,1,27.0,,,,4,Potato,8,,,
,1,4.0,1,2.0,1,3.0,1,40.0,,,,5,Potato,10,,,
,1,14.0,1,3.0,1,11.0,1,40.0,,,,6,Potato,11,,,
,1,13.0,1,3.0,1,10.0,1,50.0,,,,7,Potato,13,,,
,2,6.0,2,1.0,2,6.0,2,400.0,,,,8,Potato,13,,,
,1,15.0,1,3.0,1,12.0,1,50.0,,,,9,Potato,14,,,
,2,6.0,2,1.0,2,5.0,2,300.0,,,,10,Potato,14,,,
,1,15.0,1,6.0,1,12.0,1,40.0,,,,11,Potato,16,,,
,2,20.0,2,10.0,2,3.0,2,300.0,,,,12,Potato,16,,,
,1,2.0,1,2.0,1,0.0,1,,,,,13,Potato,20,,,
,1,2.0,1,2.0,1,0.0,1,,,,,14,Potato,23,,,
,2,30.0,2,15.0,2,0.5,2,320.0,,,,15,Potato,23,,,
,1,15.0,1,6.0,1,12.0,1,40.0,,,,16,Potato,25,,,
,2,20.0,2,10.0,2,3.0,2,300.0,,,,17,Potato,25,,,
