grp_a_consent/grp_e_socioenomics/rpt_e_socioenomics/e1_name,grp_a_consent/grp_e_socioenomics/rpt_e_socioenomics/e1_relations,grp_a_consent/grp_e_socioenomics/rpt_e_socioenomics/e1_distance,grp_a_consent/grp_e_socioenomics/rpt_e_socioenomics/e1_gender,grp_a_consent/grp_e_socioenomics/rpt_e_socioenomics/e1_impact,_id,_uuid,_submission_time,_index,_parent_table_name,_parent_index,_tags,_notes,_version
Self,1,1.0,1,2,,,,1,Potato,1,,,
Lenah chebitok,2,11.0,2,2,,,,2,Potato,4,,,
Moiben connection,7,11.0,1,2,,,,3,Potato,4,,,
Syngenta ltd,6,11.0,1,2,,,,4,Potato,4,,,
Amy lagat,4,5.0,2,2,,,,5,Potato,5,,,
Kiprono Thomas,2,60.0,1,2,,,,6,Potato,5,,,
Simon chumba,2,0.2,1,2,,,,7,Potato,6,,,
Nguruma,2,0.5,1,2,,,,8,Potato,7,,,
Syngenta,6,7.0,1,2,,,,9,Potato,7,,,
Amy lagat,4,5.0,2,2,,,,10,Potato,8,,,
Augustino,1,12.0,1,1,,,,11,Potato,10,,,
Mary nduati,2,1.0,2,2,,,,12,Potato,13,,,
Mama kogei,1,70.0,2,1,,,,13,Potato,14,,,
Mrs Gathogo,2,3.0,2,2,,,,14,Potato,15,,,
Extension officer,4,5.0,1,3,,,,15,Potato,16,,,
Rebeeca,4,4.0,2,2,,,,16,Potato,17,,,
Rebecca,4,4.0,2,1,,,,17,Potato,19,,,
Viola Kurgat,1,0.0,2,1,,,,18,Potato,21,,,
,,,,,,,,19,Potato,21,,,
Neighbour,3,2.0,2,2,,,,20,Potato,22,,,
,3,2.0,2,2,,,,21,Potato,22,,,
Extension officer,4,5.0,1,3,,,,22,Potato,25,,,
Extension worker,4,5.0,1,3,,,,23,Potato,26,,,
