grp_a_consent/rpt_c_hhexpenditure/c_prod_id,grp_a_consent/rpt_c_hhexpenditure/c_prod_name,grp_a_consent/rpt_c_hhexpenditure/c_prod_grpname,grp_a_consent/rpt_c_hhexpenditure/c_itempurchase,grp_a_consent/rpt_c_hhexpenditure/grp_c_hhexpenditure/c_purchasefreq,grp_a_consent/rpt_c_hhexpenditure/grp_c_hhexpenditure/c_purchaseint,grp_a_consent/rpt_c_hhexpenditure/grp_c_hhexpenditure/c_itemunits,grp_a_consent/rpt_c_hhexpenditure/grp_c_hhexpenditure/c_itemqnty,grp_a_consent/rpt_c_hhexpenditure/grp_c_hhexpenditure/c_unitprice,_id,_uuid,_submission_time,_index,_parent_table_name,_parent_index,_tags,_notes,_version
1,Maize grain,Staples,1,0,,3,0.0,,,,,1,Potato,1,,,
2,Maize flour,Staples,2,,,,,,,,,2,Potato,1,,,
1,Maize grain,Staples,2,,,,,,,,,3,Potato,2,,,
2,Maize flour,Staples,2,,,,,,,,,4,Potato,2,,,
3,Millet/Sorghum,Staples,2,,,,,,,,,5,Potato,2,,,
4,Wheat flour,Staples,1,2,3,1,2.0,150.0,,,,6,Potato,2,,,
5,Rice ,Staples,1,4,3,1,4.0,100.0,,,,7,Potato,2,,,
6,Cassava ,Staples,2,,,,,,,,,8,Potato,2,,,
7,Sweet potato,Staples,2,,,,,,,,,9,Potato,2,,,
8,Irish potato,Staples,2,,,,,,,,,10,Potato,2,,,
9,Banana,Staples,1,1,3,1,1.0,50.0,,,,11,Potato,2,,,
10,Other (specify),Staples,2,,,,,,,,,12,Potato,2,,,
11,Pork,Non Staples,2,,,,,,,,,13,Potato,2,,,
12,Chicken,Non Staples,2,,,,,,,,,14,Potato,2,,,
13,Beef,Non Staples,1,1,3,1,1.0,400.0,,,,15,Potato,2,,,
14,Mutton,Non Staples,1,1,3,1,1.0,450.0,,,,16,Potato,2,,,
15,Goat,Non Staples,2,,,,,,,,,17,Potato,2,,,
16,Fish,Non Staples,2,,,,,,,,,18,Potato,2,,,
17,Dairy products,Non Staples,2,,,,,,,,,19,Potato,2,,,
18,Legume,Non Staples,1,1,3,1,2.0,100.0,,,,20,Potato,2,,,
19,Vegetable,Non Staples,2,,,,,,,,,21,Potato,2,,,
20,Fruits (any),Non Staples,1,1,3,1,1.0,100.0,,,,22,Potato,2,,,
21,Sugar,Food items,1,5,3,1,5.0,100.0,,,,23,Potato,2,,,
22,Salt,Food items,1,1,3,1,2.0,25.0,,,,24,Potato,2,,,
23,Cooking oil/ghee,Food items,1,1,3,1,4.0,130.0,,,,25,Potato,2,,,
24,Coffee/Tea,Food items,1,1,3,1,250.0,25.0,,,,26,Potato,2,,,
25,Beer,Food items,2,,,,,,,,,27,Potato,2,,,
26,Soda,Food items,2,,,,,,,,,28,Potato,2,,,
27,Local brew,Food items,2,,,,,,,,,29,Potato,2,,,
28,Cigarettes,Food items,2,,,,,,,,,30,Potato,2,,,
29,Others,Food items,2,,,,,,,,,31,Potato,2,,,
1,Maize grain,Staples,2,,,,,,,,,32,Potato,3,,,
2,Maize flour,Staples,2,,,,,,,,,33,Potato,3,,,
3,Millet/Sorghum,Staples,2,,,,,,,,,34,Potato,3,,,
4,Wheat flour,Staples,1,4,3,1,4.0,80.0,,,,35,Potato,3,,,
5,Rice ,Staples,1,3,3,1,3.0,100.0,,,,36,Potato,3,,,
6,Cassava ,Staples,2,,,,,,,,,37,Potato,3,,,
7,Sweet potato,Staples,1,2,3,1,2.0,100.0,,,,38,Potato,3,,,
8,Irish potato,Staples,2,,,,,,,,,39,Potato,3,,,
9,Banana,Staples,1,2,3,1,3.0,50.0,,,,40,Potato,3,,,
10,Other (specify),Staples,2,,,,,,,,,41,Potato,3,,,
11,Pork,Non Staples,2,,,,,,,,,42,Potato,3,,,
12,Chicken,Non Staples,1,1,3,1,2.0,300.0,,,,43,Potato,3,,,
13,Beef,Non Staples,1,2,3,1,2.0,400.0,,,,44,Potato,3,,,
14,Mutton,Non Staples,1,1,3,1,1.0,450.0,,,,45,Potato,3,,,
15,Goat,Non Staples,2,,,,,,,,,46,Potato,3,,,
16,Fish,Non Staples,1,1,3,1,2.0,300.0,,,,47,Potato,3,,,
17,Dairy products,Non Staples,2,,,,,,,,,48,Potato,3,,,
18,Legume,Non Staples,1,2,3,1,2.0,100.0,,,,49,Potato,3,,,
19,Vegetable,Non Staples,2,,,,,,,,,50,Potato,3,,,
20,Fruits (any),Non Staples,1,2,3,1,2.0,100.0,,,,51,Potato,3,,,
21,Sugar,Food items,1,1,,1,3.0,100.0,,,,52,Potato,3,,,
22,Salt,Food items,1,1,3,1,1.0,25.0,,,,53,Potato,3,,,
23,Cooking oil/ghee,Food items,1,1,3,1,1.0,200.0,,,,54,Potato,3,,,
24,Coffee/Tea,Food items,1,1,3,1,250.0,200.0,,,,55,Potato,3,,,
25,Beer,Food items,2,,,,,,,,,56,Potato,3,,,
26,Soda,Food items,2,,,,,,,,,57,Potato,3,,,
27,Local brew,Food items,2,,,,,,,,,58,Potato,3,,,
28,Cigarettes,Food items,2,,,,,,,,,59,Potato,3,,,
29,Others,Food items,2,,,,,,,,,60,Potato,3,,,
30,School fees,Non Food items,1,3,4,1,50000.0,23000.0,,,,61,Potato,3,,,
31,"Text books, pens ",Non Food items,1,3,4,1,2000.0,800.0,,,,62,Potato,3,,,
32,Medical care,Non Food items,2,,,,,,,,,63,Potato,3,,,
33,Transport,Non Food items,1,3,3,1,3.0,300.0,,,,64,Potato,3,,,
34,Clothing,Non Food items,1,1,4,1,10.0,600.0,,,,65,Potato,3,,,
35,Cooking/lighting fuel,Non Food items,1,1,3,1,4.0,100.0,,,,66,Potato,3,,,
36,Rent,Non Food items,2,,,,,,,,,67,Potato,3,,,
37,Others,Non Food items,2,,,,,,,,,68,Potato,3,,,
38,Saving schemes,Contributions,2,,,,,,,,,69,Potato,3,,,
39,relatives,Contributions,2,,,,,,,,,70,Potato,3,,,
40,Church/Mosque,Contributions,1,4,3,1,4.0,100.0,,,,71,Potato,3,,,
41,Credit repayments,Contributions,1,1,3,1,30000.0,3000.0,,,,72,Potato,3,,,
42,support groups,Contributions,2,,,,,,,,,73,Potato,3,,,
43,,,2,,,,,,,,,74,Potato,3,,,
1,Maize grain,Staples,2,,,,,,,,,75,Potato,4,,,
2,Maize flour,Staples,2,,,,,,,,,76,Potato,4,,,
3,Millet/Sorghum,Staples,2,,,,,,,,,77,Potato,4,,,
4,Wheat flour,Staples,1,1,3,1,10.0,70.0,,,,78,Potato,4,,,
5,Rice ,Staples,1,1,3,1,25.0,56.0,,,,79,Potato,4,,,
6,Cassava ,Staples,2,,,,,,,,,80,Potato,4,,,
7,Sweet potato,Staples,,,,,,,,,,81,Potato,4,,,
1,Maize grain,Staples,2,,,,,,,,,82,Potato,5,,,
2,Maize flour,Staples,2,,,,,,,,,83,Potato,5,,,
3,Millet/Sorghum,Staples,1,1,4,2,1.0,2000.0,,,,84,Potato,5,,,
4,Wheat flour,Staples,1,1,2,1,2.0,140.0,,,,85,Potato,5,,,
5,Rice ,Staples,1,4,4,2,2.0,4000.0,,,,86,Potato,5,,,
6,Cassava ,Staples,2,,,,,,,,,87,Potato,5,,,
7,Sweet potato,Staples,1,1,3,9,1.0,300.0,,,,88,Potato,5,,,
8,Irish potato,Staples,2,,,,,,,,,89,Potato,5,,,
1,Maize grain,Staples,2,,,,,,,,,90,Potato,6,,,
2,Maize flour,Staples,2,,,,,,,,,91,Potato,6,,,
3,Millet/Sorghum,Staples,2,,,,,,,,,92,Potato,6,,,
4,Wheat flour,Staples,1,1,2,1,2.0,130.0,,,,93,Potato,6,,,
5,Rice ,Staples,1,1,2,1,3.0,300.0,,,,94,Potato,6,,,
6,Cassava ,Staples,2,,,,,,,,,95,Potato,6,,,
7,Sweet potato,Staples,1,1,3,8,1.0,300.0,,,,96,Potato,6,,,
8,Irish potato,Staples,2,,,,,,,,,97,Potato,6,,,
9,Banana,Staples,1,2,2,1,3.0,70.0,,,,98,Potato,6,,,
10,Other (specify),Staples,2,,,,,,,,,99,Potato,6,,,
1,Maize grain,Staples,2,,,,,,,,,100,Potato,7,,,
2,Maize flour,Staples,2,,,,,,,,,101,Potato,7,,,
3,Millet/Sorghum,Staples,2,,,,,,,,,102,Potato,7,,,
4,Wheat flour,Staples,1,1,3,1,4.0,70.0,,,,103,Potato,7,,,
5,Rice ,Staples,1,1,3,1,5.0,100.0,,,,104,Potato,7,,,
6,Cassava ,Staples,1,1,2,11,2.0,20.0,,,,105,Potato,7,,,
7,Sweet potato,Staples,1,1,2,11,5.0,20.0,,,,106,Potato,7,,,
8,Irish potato,Staples,2,,,,,,,,,107,Potato,7,,,
9,Banana,Staples,1,1,3,1,3.0,70.0,,,,108,Potato,7,,,
10,Other (specify),Staples,2,,,,,,,,,109,Potato,7,,,
11,Pork,Non Staples,1,1,3,1,1.0,300.0,,,,110,Potato,7,,,
12,Chicken,Non Staples,2,,,,,,,,,111,Potato,7,,,
13,Beef,Non Staples,1,1,2,1,1.0,400.0,,,,112,Potato,7,,,
14,Mutton,Non Staples,2,,,,,,,,,113,Potato,7,,,
15,Goat,Non Staples,1,1,2,1,1.0,500.0,,,,114,Potato,7,,,
16,Fish,Non Staples,2,,,,,,,,,115,Potato,7,,,
1,Maize grain,Staples,2,,,,,,,,,116,Potato,8,,,
2,Maize flour,Staples,2,,,,,,,,,117,Potato,8,,,
3,Millet/Sorghum,Staples,2,,,,,,,,,118,Potato,8,,,
4,Wheat flour,Staples,1,1,3,1,4.0,65.0,,,,119,Potato,8,,,
5,Rice ,Staples,2,,,,,,,,,120,Potato,8,,,
6,Cassava ,Staples,2,,,,,,,,,121,Potato,8,,,
7,Sweet potato,Staples,2,,,,,,,,,122,Potato,8,,,
8,Irish potato,Staples,2,,,,,,,,,123,Potato,8,,,
9,Banana,Staples,2,,,,,,,,,124,Potato,8,,,
1,Maize grain,Staples,2,,,,,,,,,125,Potato,10,,,
2,Maize flour,Staples,2,,,,,,,,,126,Potato,10,,,
3,Millet/Sorghum,Staples,2,,,,,,,,,127,Potato,10,,,
4,Wheat flour,Staples,1,2,3,1,4.0,150.0,,,,128,Potato,10,,,
5,Rice ,Staples,1,5,3,1,5.0,100.0,,,,129,Potato,10,,,
6,Cassava ,Staples,2,,,,,,,,,130,Potato,10,,,
7,Sweet potato,Staples,2,,,,,,,,,131,Potato,10,,,
8,Irish potato,Staples,2,,,,,,,,,132,Potato,10,,,
9,Banana,Staples,2,,,,,,,,,133,Potato,10,,,
10,Other (specify),Staples,2,,,,,,,,,134,Potato,10,,,
11,Pork,Non Staples,2,,,,,,,,,135,Potato,10,,,
12,Chicken,Non Staples,2,,,,,,,,,136,Potato,10,,,
13,Beef,Non Staples,2,,,,,,,,,137,Potato,10,,,
14,Mutton,Non Staples,1,1,3,1,1.0,400.0,,,,138,Potato,10,,,
15,Goat,Non Staples,2,,,,,,,,,139,Potato,10,,,
16,Fish,Non Staples,2,,,,,,,,,140,Potato,10,,,
17,Dairy products,Non Staples,2,,,,,,,,,141,Potato,10,,,
18,Legume,Non Staples,2,,,,,,,,,142,Potato,10,,,
19,Vegetable,Non Staples,2,,,,,,,,,143,Potato,10,,,
20,Fruits (any),Non Staples,1,2,2,1,1.0,100.0,,,,144,Potato,10,,,
21,Sugar,Food items,1,8,3,1,8.0,100.0,,,,145,Potato,10,,,
22,Salt,Food items,1,5,3,1,1.0,25.0,,,,146,Potato,10,,,
23,Cooking oil/ghee,Food items,1,1,3,1,2.0,250.0,,,,147,Potato,10,,,
24,Coffee/Tea,Food items,1,1,3,1,0.25,200.0,,,,148,Potato,10,,,
25,Beer,Food items,2,,,,,,,,,149,Potato,10,,,
26,Soda,Food items,2,,,,,,,,,150,Potato,10,,,
27,Local brew,Food items,2,,,,,,,,,151,Potato,10,,,
28,Cigarettes,Food items,2,,,,,,,,,152,Potato,10,,,
29,Others,Food items,2,,,,,,,,,153,Potato,10,,,
30,School fees,Non Food items,2,,,,,,,,,154,Potato,10,,,
31,"Text books, pens ",Non Food items,2,,,,,,,,,155,Potato,10,,,
32,Medical care,Non Food items,2,,,,,,,,,156,Potato,10,,,
33,Transport,Non Food items,2,,,,,,,,,157,Potato,10,,,
34,Clothing,Non Food items,2,,,,,,,,,158,Potato,10,,,
35,Cooking/lighting fuel,Non Food items,2,,,,,,,,,159,Potato,10,,,
36,Rent,Non Food items,2,,,,,,,,,160,Potato,10,,,
37,Others,Non Food items,2,,,,,,,,,161,Potato,10,,,
38,Saving schemes,Contributions,2,,,,,,,,,162,Potato,10,,,
39,relatives,Contributions,1,3,3,1,3.0,1000.0,,,,163,Potato,10,,,
40,Church/Mosque,Contributions,1,4,2,1,4.0,1000.0,,,,164,Potato,10,,,
41,Credit repayments,Contributions,2,,,,,,,,,165,Potato,10,,,
42,support groups,Contributions,2,,,,,,,,,166,Potato,10,,,
43,,,2,,,,,,,,,167,Potato,10,,,
1,Maize grain,Staples,2,,,,,,,,,168,Potato,11,,,
2,Maize flour,Staples,2,,,,,,,,,169,Potato,11,,,
3,Millet/Sorghum,Staples,2,,,,,,,,,170,Potato,11,,,
4,Wheat flour,Staples,1,1,3,1,4.0,70.0,,,,171,Potato,11,,,
5,Rice ,Staples,1,1,3,1,5.0,100.0,,,,172,Potato,11,,,
6,Cassava ,Staples,2,,,,,,,,,173,Potato,11,,,
7,Sweet potato,Staples,2,,,,,,,,,174,Potato,11,,,
8,Irish potato,Staples,2,,,,,,,,,175,Potato,11,,,
9,Banana,Staples,2,,,,,,,,,176,Potato,11,,,
10,Other (specify),Staples,2,,,,,,,,,177,Potato,11,,,
1,Maize grain,Staples,2,,,,,,,,,178,Potato,12,,,
2,Maize flour,Staples,2,,,,,,,,,179,Potato,12,,,
3,Millet/Sorghum,Staples,1,1,4,1,1.0,8000.0,,,,180,Potato,12,,,
4,Wheat flour,Staples,1,2,3,1,4.0,70.0,,,,181,Potato,12,,,
5,Rice ,Staples,1,1,3,1,5.0,100.0,,,,182,Potato,12,,,
6,Cassava ,Staples,2,,,,,,,,,183,Potato,12,,,
7,Sweet potato,Staples,2,,,,,,,,,184,Potato,12,,,
8,Irish potato,Staples,2,,,,,,,,,185,Potato,12,,,
9,Banana,Staples,1,1,3,1,3.0,58.0,,,,186,Potato,12,,,
10,Other (specify),Staples,,,,,,,,,,187,Potato,12,,,
1,Maize grain,Staples,2,,,,,,,,,188,Potato,13,,,
2,Maize flour,Staples,2,,,,,,,,,189,Potato,13,,,
3,Millet/Sorghum,Staples,2,,,,,,,,,190,Potato,13,,,
1,Maize grain,Staples,2,,,,,,,,,191,Potato,14,,,
2,Maize flour,Staples,2,,,,,,,,,192,Potato,14,,,
3,Millet/Sorghum,Staples,2,,,,,,,,,193,Potato,14,,,
4,Wheat flour,Staples,1,4,3,1,4.0,70.0,,,,194,Potato,14,,,
1,Maize grain,Staples,2,,,,,,,,,195,Potato,15,,,
2,Maize flour,Staples,2,,,,,,,,,196,Potato,15,,,
3,Millet/Sorghum,Staples,1,1,4,1,30.0,90.0,,,,197,Potato,15,,,
1,Maize grain,Staples,2,,,,,,,,,198,Potato,16,,,
2,Maize flour,Staples,2,,,,,,,,,199,Potato,16,,,
3,Millet/Sorghum,Staples,2,,,,,,,,,200,Potato,16,,,
4,Wheat flour,Staples,1,12,3,1,12.0,150.0,,,,201,Potato,16,,,
5,Rice ,Staples,1,200,4,1,200.0,100.0,,,,202,Potato,16,,,
6,Cassava ,Staples,2,,,,,,,,,203,Potato,16,,,
7,Sweet potato,Staples,1,2,2,1,2.0,100.0,,,,204,Potato,16,,,
8,Irish potato,Staples,2,,,,,,,,,205,Potato,16,,,
9,Banana,Staples,2,,,,,,,,,206,Potato,16,,,
10,Other (specify),Staples,2,,,,,,,,,207,Potato,16,,,
11,Pork,Non Staples,2,,,,,,,,,208,Potato,16,,,
12,Chicken,Non Staples,2,,,,,,,,,209,Potato,16,,,
13,Beef,Non Staples,2,,,,,,,,,210,Potato,16,,,
14,Mutton,Non Staples,1,4,3,1,4.0,400.0,,,,211,Potato,16,,,
15,Goat,Non Staples,2,,,,,,,,,212,Potato,16,,,
16,Fish,Non Staples,2,,,,,,,,,213,Potato,16,,,
17,Dairy products,Non Staples,2,,,,,,,,,214,Potato,16,,,
18,Legume,Non Staples,2,,,,,,,,,215,Potato,16,,,
19,Vegetable,Non Staples,2,,,,,,,,,216,Potato,16,,,
20,Fruits (any),Non Staples,2,,,,,,,,,217,Potato,16,,,
21,Sugar,Food items,1,100,4,1,100.0,100.0,,,,218,Potato,16,,,
22,Salt,Food items,1,6,4,1,6.0,50.0,,,,219,Potato,16,,,
23,Cooking oil/ghee,Food items,1,37,4,1,17.0,150.0,,,,220,Potato,16,,,
24,Coffee/Tea,Food items,1,100,4,1,4.0,200.0,,,,221,Potato,16,,,
25,Beer,Food items,2,,,,,,,,,222,Potato,16,,,
26,Soda,Food items,2,,,,,,,,,223,Potato,16,,,
27,Local brew,Food items,2,,,,,,,,,224,Potato,16,,,
28,Cigarettes,Food items,2,,,,,,,,,225,Potato,16,,,
29,Others,Food items,2,,,,,,,,,226,Potato,16,,,
1,Maize grain,Staples,2,,,,,,,,,227,Potato,17,,,
2,Maize flour,Staples,2,,,,,,,,,228,Potato,17,,,
3,Millet/Sorghum,Staples,2,,,,,,,,,229,Potato,17,,,
4,Wheat flour,Staples,1,2,2,8,1.0,120.0,,,,230,Potato,17,,,
5,Rice ,Staples,1,1,3,8,1.0,200.0,,,,231,Potato,17,,,
1,Maize grain,Staples,2,,,,,,,,,232,Potato,19,,,
2,Maize flour,Staples,2,,,,,,,,,233,Potato,19,,,
3,Millet/Sorghum,Staples,1,1,3,10,0.0,,,,,234,Potato,19,,,
1,Maize grain,Staples,2,,,,,,,,,235,Potato,20,,,
2,Maize flour,Staples,2,,,,,,,,,236,Potato,20,,,
3,Millet/Sorghum,Staples,2,,,,,,,,,237,Potato,20,,,
4,Wheat flour,Staples,1,1,2,8,1.0,30.0,,,,238,Potato,20,,,
5,Rice ,Staples,1,1,2,11,5.0,100.0,,,,239,Potato,20,,,
6,Cassava ,Staples,2,,,,,,,,,240,Potato,20,,,
7,Sweet potato,Staples,2,,,,,,,,,241,Potato,20,,,
8,Irish potato,Staples,2,,,,,,,,,242,Potato,20,,,
9,Banana,Staples,1,2,2,11,1.0,50.0,,,,243,Potato,20,,,
10,Other (specify),Staples,2,,,,,,,,,244,Potato,20,,,
11,Pork,Non Staples,2,,,,,,,,,245,Potato,20,,,
1,Maize grain,Staples,2,,,,,,,,,246,Potato,21,,,
2,Maize flour,Staples,2,,,,,,,,,247,Potato,21,,,
3,Millet/Sorghum,Staples,2,,,,,,,,,248,Potato,21,,,
4,Wheat flour,Staples,2,,,,,,,,,249,Potato,21,,,
5,Rice ,Staples,1,2,3,1,3.0,100.0,,,,250,Potato,21,,,
6,Cassava ,Staples,2,,,,,,,,,251,Potato,21,,,
7,Sweet potato,Staples,2,,,,,,,,,252,Potato,21,,,
8,Irish potato,Staples,2,,,,,,,,,253,Potato,21,,,
9,Banana,Staples,1,1,2,11,5.0,50.0,,,,254,Potato,21,,,
1,Maize grain,Staples,2,,,,,,,,,255,Potato,22,,,
2,Maize flour,Staples,2,,,,,,,,,256,Potato,22,,,
3,Millet/Sorghum,Staples,2,,,,,,,,,257,Potato,22,,,
4,Wheat flour,Staples,1,1,2,1,1.0,120.0,,,,258,Potato,22,,,
5,Rice ,Staples,1,1,2,1,2.0,100.0,,,,259,Potato,22,,,
1,Maize grain,Staples,2,,,,,,,,,260,Potato,23,,,
2,Maize flour,Staples,2,,,,,,,,,261,Potato,23,,,
3,Millet/Sorghum,Staples,2,,,,,,,,,262,Potato,23,,,
4,Wheat flour,Staples,1,2,3,8,1.0,150.0,,,,263,Potato,23,,,
5,Rice ,Staples,1,2,3,1,2.0,100.0,,,,264,Potato,23,,,
6,Cassava ,Staples,2,,,,,,,,,265,Potato,23,,,
7,Sweet potato,Staples,2,,,,,,,,,266,Potato,23,,,
8,Irish potato,Staples,2,,,,,,,,,267,Potato,23,,,
9,Banana,Staples,2,,,,,,,,,268,Potato,23,,,
10,Other (specify),Staples,1,2,2,1,1.0,50.0,,,,269,Potato,23,,,
11,Pork,Non Staples,2,,,,,,,,,270,Potato,23,,,
12,Chicken,Non Staples,2,,,,,,,,,271,Potato,23,,,
13,Beef,Non Staples,1,2,3,1,2.0,400.0,,,,272,Potato,23,,,
14,Mutton,Non Staples,1,2,3,1,1.0,480.0,,,,273,Potato,23,,,
15,Goat,Non Staples,2,,,,,,,,,274,Potato,23,,,
16,Fish,Non Staples,2,,,,,,,,,275,Potato,23,,,
17,Dairy products,Non Staples,2,,,,,,,,,276,Potato,23,,,
18,Legume,Non Staples,2,,,,,,,,,277,Potato,23,,,
19,Vegetable,Non Staples,1,2,2,1,1.0,30.0,,,,278,Potato,23,,,
20,Fruits (any),Non Staples,1,1,2,1,2.0,100.0,,,,279,Potato,23,,,
21,Sugar,Food items,1,1,2,1,1.0,90.0,,,,280,Potato,23,,,
22,Salt,Food items,1,5,3,1,0.5,50.0,,,,281,Potato,23,,,
23,Cooking oil/ghee,Food items,1,1,3,1,2.0,240.0,,,,282,Potato,23,,,
24,Coffee/Tea,Food items,1,1,3,1,0.5,90.0,,,,283,Potato,23,,,
25,Beer,Food items,2,,,,,,,,,284,Potato,23,,,
26,Soda,Food items,2,,,,,,,,,285,Potato,23,,,
27,Local brew,Food items,2,,,,,,,,,286,Potato,23,,,
28,Cigarettes,Food items,2,,,,,,,,,287,Potato,23,,,
29,Others,Food items,2,,,,,,,,,288,Potato,23,,,
30,School fees,Non Food items,1,,4,11,0.0,,,,,289,Potato,23,,,
1,Maize grain,Staples,2,,,,,,,,,290,Potato,24,,,
2,Maize flour,Staples,2,,,,,,,,,291,Potato,24,,,
1,Maize grain,Staples,2,,,,,,,,,292,Potato,25,,,
2,Maize flour,Staples,2,,,,,,,,,293,Potato,25,,,
3,Millet/Sorghum,Staples,2,,,,,,,,,294,Potato,25,,,
4,Wheat flour,Staples,1,12,3,1,12.0,150.0,,,,295,Potato,25,,,
5,Rice ,Staples,1,200,4,1,200.0,100.0,,,,296,Potato,25,,,
6,Cassava ,Staples,2,,,,,,,,,297,Potato,25,,,
7,Sweet potato,Staples,1,2,2,1,2.0,100.0,,,,298,Potato,25,,,
8,Irish potato,Staples,2,,,,,,,,,299,Potato,25,,,
9,Banana,Staples,2,,,,,,,,,300,Potato,25,,,
10,Other (specify),Staples,2,,,,,,,,,301,Potato,25,,,
11,Pork,Non Staples,2,,,,,,,,,302,Potato,25,,,
12,Chicken,Non Staples,2,,,,,,,,,303,Potato,25,,,
13,Beef,Non Staples,2,,,,,,,,,304,Potato,25,,,
14,Mutton,Non Staples,1,4,3,1,4.0,400.0,,,,305,Potato,25,,,
15,Goat,Non Staples,2,,,,,,,,,306,Potato,25,,,
16,Fish,Non Staples,2,,,,,,,,,307,Potato,25,,,
17,Dairy products,Non Staples,2,,,,,,,,,308,Potato,25,,,
18,Legume,Non Staples,2,,,,,,,,,309,Potato,25,,,
19,Vegetable,Non Staples,2,,,,,,,,,310,Potato,25,,,
20,Fruits (any),Non Staples,2,,,,,,,,,311,Potato,25,,,
21,Sugar,Food items,1,100,4,1,100.0,100.0,,,,312,Potato,25,,,
22,Salt,Food items,1,6,4,1,6.0,50.0,,,,313,Potato,25,,,
23,Cooking oil/ghee,Food items,1,37,4,1,17.0,150.0,,,,314,Potato,25,,,
24,Coffee/Tea,Food items,1,100,4,1,4.0,200.0,,,,315,Potato,25,,,
25,Beer,Food items,2,,,,,,,,,316,Potato,25,,,
26,Soda,Food items,2,,,,,,,,,317,Potato,25,,,
27,Local brew,Food items,2,,,,,,,,,318,Potato,25,,,
28,Cigarettes,Food items,2,,,,,,,,,319,Potato,25,,,
29,Others,Food items,2,,,,,,,,,320,Potato,25,,,
1,Maize grain,Staples,2,,,,,,,,,321,Potato,26,,,
2,Maize flour,Staples,2,,,,,,,,,322,Potato,26,,,
3,Millet/Sorghum,Staples,1,1,3,1,2.0,150.0,,,,323,Potato,26,,,
4,Wheat flour,Staples,1,2,3,1,2.0,150.0,,,,324,Potato,26,,,
5,Rice ,Staples,1,3,3,1,3.0,100.0,,,,325,Potato,26,,,
6,Cassava ,Staples,2,,,,,,,,,326,Potato,26,,,
7,Sweet potato,Staples,2,,,,,,,,,327,Potato,26,,,
8,Irish potato,Staples,2,,,,,,,,,328,Potato,26,,,
9,Banana,Staples,2,,,,,,,,,329,Potato,26,,,
10,Other (specify),Staples,2,,,,,,,,,330,Potato,26,,,
11,Pork,Non Staples,2,,,,,,,,,331,Potato,26,,,
12,Chicken,Non Staples,2,,,,,,,,,332,Potato,26,,,
13,Beef,Non Staples,2,,,,,,,,,333,Potato,26,,,
14,Mutton,Non Staples,1,2,3,1,2.0,400.0,,,,334,Potato,26,,,
15,Goat,Non Staples,2,,,,,,,,,335,Potato,26,,,
16,Fish,Non Staples,1,1,3,1,1.0,200.0,,,,336,Potato,26,,,
17,Dairy products,Non Staples,1,1,1,1,1.0,40.0,,,,337,Potato,26,,,
18,Legume,Non Staples,2,,,,,,,,,338,Potato,26,,,
19,Vegetable,Non Staples,2,,,,,,,,,339,Potato,26,,,
20,Fruits (any),Non Staples,1,2,3,1,2.0,100.0,,,,340,Potato,26,,,
21,Sugar,Food items,1,2,3,1,2.0,100.0,,,,341,Potato,26,,,
22,Salt,Food items,1,5,3,1,1.0,25.0,,,,342,Potato,26,,,
23,Cooking oil/ghee,Food items,1,2,3,1,2.0,200.0,,,,343,Potato,26,,,
24,Coffee/Tea,Food items,1,250,3,1,1.0,200.0,,,,344,Potato,26,,,
25,Beer,Food items,2,,,,,,,,,345,Potato,26,,,
26,Soda,Food items,2,,,,,,,,,346,Potato,26,,,
27,Local brew,Food items,2,,,,,,,,,347,Potato,26,,,
28,Cigarettes,Food items,2,,,,,,,,,348,Potato,26,,,
29,Others,Food items,2,,,,,,,,,349,Potato,26,,,
30,School fees,Non Food items,2,,,,,,,,,350,Potato,26,,,
31,"Text books, pens ",Non Food items,1,3,4,1,3.0,2000.0,,,,351,Potato,26,,,
32,Medical care,Non Food items,2,,,,,,,,,352,Potato,26,,,
33,Transport,Non Food items,1,1,1,1,1.0,100.0,,,,353,Potato,26,,,
34,Clothing,Non Food items,1,1,4,1,10000.0,2000.0,,,,354,Potato,26,,,
35,Cooking/lighting fuel,Non Food items,1,1,3,1,1.0,800.0,,,,355,Potato,26,,,
36,Rent,Non Food items,2,,,,,,,,,356,Potato,26,,,
37,Others,Non Food items,2,,,,,,,,,357,Potato,26,,,
38,Saving schemes,Contributions,2,,,,,,,,,358,Potato,26,,,
39,relatives,Contributions,1,1,3,1,1.0,5000.0,,,,359,Potato,26,,,
40,Church/Mosque,Contributions,1,4,3,1,4.0,200.0,,,,360,Potato,26,,,
41,Credit repayments,Contributions,2,,,,,,,,,361,Potato,26,,,
42,support groups,Contributions,2,,,,,,,,,362,Potato,26,,,
43,,,2,,,,,,,,,363,Potato,26,,,
