grp_a_consent/grp_a25_hhcomposition/a25_hhmemberid,grp_a_consent/grp_a25_hhcomposition/a25_hhmembersex,grp_a_consent/grp_a25_hhcomposition/a25_hhmemberage,grp_a_consent/grp_a25_hhcomposition/a25_hhmemberedu,grp_a_consent/grp_a25_hhcomposition/a25_hhmemberrelation,grp_a_consent/grp_a25_hhcomposition/a25_hhmemberexperience,grp_a_consent/grp_a25_hhcomposition/a25_hhmemberduration,_id,_uuid,_submission_time,_index,_parent_table_name,_parent_index,_tags,_notes,_version
Gabriel Kibet Kurgat,1,53.0,3,1,10.0,12.0,,,,1,Potato,1,,,
Benard Kiprono ,1,50.0,5,1,2.0,12.0,,,,2,Potato,2,,,
Jacky misoi,2,36.0,7,2,5.0,12.0,,,,3,Potato,4,,,
Joel kiprotich,1,46.0,5,1,5.0,12.0,,,,4,Potato,5,,,
Hellen Kandie,2,44.0,5,2,5.0,12.0,,,,5,Potato,6,,,
Haron Kandie,1,48.0,4,1,3.0,3.0,,,,6,Potato,6,,,
Veronica kangogo,2,40.0,6,2,5.0,3.0,,,,7,Potato,7,,,
Paul m sang,1,5085.0,6,1,5.0,3.0,,,,8,Potato,7,,,
JOSEPH SIRMA,1,63.0,5,,,,,,,9,Potato,9,,,
Samwel Baraywo,1,65.0,9,1,3.0,12.0,,,,10,Potato,10,,,
Lusia Baraiwa ,2,64.0,1,2,3.0,12.0,,,,11,Potato,10,,,
Rebecca Soy,2,60.0,7,1,,,,,,12,Potato,11,,,
Rebecca Soy,2,60.0,7,1,,,,,,13,Potato,11,,,
George Kiprotich,1,57.0,7,1,15.0,12.0,,,,14,Potato,12,,,
George kiprotich,1,57.0,2,1,57.0,12.0,,,,15,Potato,12,,,
Rosebell Jeptoo Murei,2,72.0,1,1,30.0,12.0,,,,16,Potato,13,,,
Rono,1,46.0,7,1,25.0,12.0,,,,17,Potato,14,,,
Mary Nduati,2,55.0,5,2,3.0,12.0,,,,18,Potato,15,,,
JoselinJerono,2,30.0,6,2,10.0,12.0,,,,19,Potato,16,,,
Alex Rono,1,34.0,5,1,10.0,12.0,,,,20,Potato,16,,,
Edna kimaiyo,2,45.0,3,1,3.0,,,,,21,Potato,17,,,
Luka kwambai,1,45.0,3,1,,,,,,22,Potato,19,,,
Emilly kwambai,2,40.0,3,2,,,,,,23,Potato,19,,,
Sharon chepkirui,2,20.0,6,3,5.0,,,,,24,Potato,19,,,
Cynthia Kemei,,28.0,3,2,,,,,,25,Potato,20,,,
Cynthia kemei,2,28.0,3,2,,,,,,26,Potato,20,,,
P,1,34.0,3,1,,,,,,27,Potato,20,,,
Joel Kurgat,1,35.0,7,1,5.0,132.0,,,,28,Potato,21,,,
Grace Koskei,2,35.0,5,2,2.0,60.0,,,,29,Potato,22,,,
Derick Kipchumba,1,19.0,5,3,5.0,280.0,,,,30,Potato,23,,,
Drnvet Kiprotich,1,17.0,4,5,2.0,220.0,,,,31,Potato,23,,,
Mishita Jeptakwen,2,4.0,2,3,0.0,48.0,,,,32,Potato,23,,,
Kirwa Tuwei,1,39.0,4,1,1.0,12.0,,,,33,Potato,24,,,
JepkoskeiJoan,2,27.0,5,2,,,,,,34,Potato,24,,,
JoselinJerono,2,30.0,6,2,10.0,12.0,,,,35,Potato,25,,,
Alex Rono,1,34.0,5,1,10.0,12.0,,,,36,Potato,25,,,
U8Christopher Kiplimo,1,33.0,5,3,10.0,0.0,,,,37,Potato,26,,,
Thomas kiplimo,1,38.0,7,2,5.0,12.0,,,,38,Potato,26,,,
CHRISTOPHER KIPLIMO,1,33.0,5,6,10.0,0.0,,,,39,Potato,26,,,
