grp_a_consent/grp_e6_seedsource/rpt_e6_march16/e6_m16seedsource,grp_a_consent/grp_e6_seedsource/rpt_e6_march16/e6_m16sourcename,grp_a_consent/grp_e6_seedsource/rpt_e6_march16/e6_m16disttosource,grp_a_consent/grp_e6_seedsource/rpt_e6_march16/e6_m16sourcegender,grp_a_consent/grp_e6_seedsource/rpt_e6_march16/e6_m16seedqnty,grp_a_consent/grp_e6_seedsource/rpt_e6_march16/e6_m16seedvol,grp_a_consent/grp_e6_seedsource/rpt_e6_march16/e6_m16seedunitcost,_id,_uuid,_submission_time,_index,_parent_table_name,_parent_index,_tags,_notes,_version
4,Local  market &1o,2.0,1,1.0,2,100.0,,,,1,Potato,1,,,
3,Local market,30.0,1,50.0,1,50.0,,,,2,Potato,2,,,
9,Local market &1-,28.0,1,30.0,1,150.0,,,,3,Potato,3,,,
3,Thomas kiprono,60.0,1,3.0,5,4000.0,,,,4,Potato,5,,,
9,Eldoret market,7.0,2,10.0,2,1500.0,,,,5,Potato,6,,,
3,Samson Rotich,60.0,1,4.0,5,2500.0,,,,6,Potato,8,,,
9,Eldoret,19.5,1,8.0,4,1500.0,,,,7,Potato,9,,,
2,Augustino ,12.0,1,50.0,1,2500.0,,,,8,Potato,10,,,
9,-,14.0,1,20.0,2,1600.0,,,,9,Potato,12,,,
9,Local market,3.0,2,16.0,4,2000.0,,,,10,Potato,13,,,
9,Local market,3.0,2,10.0,3,3000.0,,,,11,Potato,15,,,
2,Kamar,30.0,2,100.0,1,2500.0,,,,12,Potato,16,,,
2,Kamar,30.0,1,100.0,2,2500.0,,,,13,Potato,16,,,
9,Kibet Rono,0.5,1,1.0,2,2000.0,,,,14,Potato,17,,,
8,Kuinet,0.0,1,230.0,2,0.0,,,,15,Potato,19,,,
9,,14.0,1,2.0,6,1400.0,,,,16,Potato,20,,,
9,,15.0,2,1.0,4,3000.0,,,,17,Potato,21,,,
9,Trader,7.0,2,1.0,4,2000.0,,,,18,Potato,22,,,
1,,,,,,,,,,19,Potato,24,,,
1,,,,,,,,,,20,Potato,24,,,
2,Kamar,30.0,2,100.0,1,2500.0,,,,21,Potato,25,,,
2,Kamar,30.0,1,100.0,2,2500.0,,,,22,Potato,25,,,
9,Local market,5.0,1,50.0,1,200.0,,,,23,Potato,26,,,
