grp_a_consent/grp_d1_inputs/rpt_d_nonlabor_inputs/rpt_d1_farminputs/d1_input,grp_a_consent/grp_d1_inputs/rpt_d_nonlabor_inputs/rpt_d1_farminputs/d1_ferttype,grp_a_consent/grp_d1_inputs/rpt_d_nonlabor_inputs/rpt_d1_farminputs/d1_units,grp_a_consent/grp_d1_inputs/rpt_d_nonlabor_inputs/rpt_d1_farminputs/d1_inputqnty,grp_a_consent/grp_d1_inputs/rpt_d_nonlabor_inputs/rpt_d1_farminputs/d1_inputcost,_id,_uuid,_submission_time,_index,_parent_table_name,_parent_index,_tags,_notes,_version
1,,2,3.0,1500.0,,,,1,grp_a_consent/grp_d1_inputs/rpt_d_nonlabor_inputs,1,,,
2,1,8,2.0,800.0,,,,2,grp_a_consent/grp_d1_inputs/rpt_d_nonlabor_inputs,1,,,
4,,1,50.0,100.0,,,,3,grp_a_consent/grp_d1_inputs/rpt_d_nonlabor_inputs,1,,,
1,,1,10.0,300.0,,,,4,grp_a_consent/grp_d1_inputs/rpt_d_nonlabor_inputs,2,,,
2,1,1,4.0,400.0,,,,5,grp_a_consent/grp_d1_inputs/rpt_d_nonlabor_inputs,2,,,
2,1,2,3.0,3000.0,,,,6,grp_a_consent/grp_d1_inputs/rpt_d_nonlabor_inputs,3,,,
3,2,2,3.0,2500.0,,,,7,grp_a_consent/grp_d1_inputs/rpt_d_nonlabor_inputs,3,,,
4,,1,2.0,600.0,,,,8,grp_a_consent/grp_d1_inputs/rpt_d_nonlabor_inputs,3,,,
2,1,2,1.0,3000.0,,,,9,grp_a_consent/grp_d1_inputs/rpt_d_nonlabor_inputs,4,,,
3,2,2,2.0,5000.0,,,,10,grp_a_consent/grp_d1_inputs/rpt_d_nonlabor_inputs,4,,,
4,,1,2.0,500.0,,,,11,grp_a_consent/grp_d1_inputs/rpt_d_nonlabor_inputs,4,,,
1,,2,10.0,15000.0,,,,12,grp_a_consent/grp_d1_inputs/rpt_d_nonlabor_inputs,5,,,
2,1,2,2.0,6600.0,,,,13,grp_a_consent/grp_d1_inputs/rpt_d_nonlabor_inputs,5,,,
3,2,2,2.0,5000.0,,,,14,grp_a_consent/grp_d1_inputs/rpt_d_nonlabor_inputs,5,,,
4,,1,1.0,3200.0,,,,15,grp_a_consent/grp_d1_inputs/rpt_d_nonlabor_inputs,5,,,
1,,5,2.0,5000.0,,,,16,grp_a_consent/grp_d1_inputs/rpt_d_nonlabor_inputs,6,,,
2,1,1,25.0,1800.0,,,,17,grp_a_consent/grp_d1_inputs/rpt_d_nonlabor_inputs,6,,,
3,2,1,25.0,1300.0,,,,18,grp_a_consent/grp_d1_inputs/rpt_d_nonlabor_inputs,6,,,
4,,1,1.0,500.0,,,,19,grp_a_consent/grp_d1_inputs/rpt_d_nonlabor_inputs,6,,,
2,1,2,4.0,12000.0,,,,20,grp_a_consent/grp_d1_inputs/rpt_d_nonlabor_inputs,7,,,
4,,1,3.0,600.0,,,,21,grp_a_consent/grp_d1_inputs/rpt_d_nonlabor_inputs,7,,,
2,1,2,50.0,2300.0,,,,22,grp_a_consent/grp_d1_inputs/rpt_d_nonlabor_inputs,8,,,
4,,1,5.0,400.0,,,,23,grp_a_consent/grp_d1_inputs/rpt_d_nonlabor_inputs,8,,,
1,,1,150.0,2500.0,,,,24,grp_a_consent/grp_d1_inputs/rpt_d_nonlabor_inputs,9,,,
2,1,1,75.0,4000.0,,,,25,grp_a_consent/grp_d1_inputs/rpt_d_nonlabor_inputs,9,,,
1,,4,9.0,2500.0,,,,26,grp_a_consent/grp_d1_inputs/rpt_d_nonlabor_inputs,10,,,
2,1,2,3.0,1800.0,,,,27,grp_a_consent/grp_d1_inputs/rpt_d_nonlabor_inputs,10,,,
3,2,2,2.0,1500.0,,,,28,grp_a_consent/grp_d1_inputs/rpt_d_nonlabor_inputs,10,,,
,,4,,,,,,29,grp_a_consent/grp_d1_inputs/rpt_d_nonlabor_inputs,10,,,
1,,2,20.0,1600.0,,,,30,grp_a_consent/grp_d1_inputs/rpt_d_nonlabor_inputs,11,,,
2,1,1,75.0,3500.0,,,,31,grp_a_consent/grp_d1_inputs/rpt_d_nonlabor_inputs,11,,,
4,,1,3.0,250.0,,,,32,grp_a_consent/grp_d1_inputs/rpt_d_nonlabor_inputs,11,,,
1,,4,16.0,2000.0,,,,33,grp_a_consent/grp_d1_inputs/rpt_d_nonlabor_inputs,12,,,
2,4,2,4.0,1800.0,,,,34,grp_a_consent/grp_d1_inputs/rpt_d_nonlabor_inputs,12,,,
1,,2,10.0,800.0,,,,35,grp_a_consent/grp_d1_inputs/rpt_d_nonlabor_inputs,13,,,
2,1,2,2.0,5200.0,,,,36,grp_a_consent/grp_d1_inputs/rpt_d_nonlabor_inputs,13,,,
4,,1,4.0,300.0,,,,37,grp_a_consent/grp_d1_inputs/rpt_d_nonlabor_inputs,13,,,
1,,2,10.0,3000.0,,,,38,grp_a_consent/grp_d1_inputs/rpt_d_nonlabor_inputs,14,,,
2,4,2,2.0,1800.0,,,,39,grp_a_consent/grp_d1_inputs/rpt_d_nonlabor_inputs,14,,,
4,,1,1.0,700.0,,,,40,grp_a_consent/grp_d1_inputs/rpt_d_nonlabor_inputs,14,,,
1,,3,2.5,5000.0,,,,41,grp_a_consent/grp_d1_inputs/rpt_d_nonlabor_inputs,15,,,
2,1,2,20.0,800.0,,,,42,grp_a_consent/grp_d1_inputs/rpt_d_nonlabor_inputs,15,,,
4,,1,5.0,600.0,,,,43,grp_a_consent/grp_d1_inputs/rpt_d_nonlabor_inputs,15,,,
1,,3,2.5,5000.0,,,,44,grp_a_consent/grp_d1_inputs/rpt_d_nonlabor_inputs,25,,,
2,1,2,20.0,800.0,,,,45,grp_a_consent/grp_d1_inputs/rpt_d_nonlabor_inputs,25,,,
4,,1,5.0,600.0,,,,46,grp_a_consent/grp_d1_inputs/rpt_d_nonlabor_inputs,25,,,
1,,1,1.0,1000.0,,,,47,grp_a_consent/grp_d1_inputs/rpt_d_nonlabor_inputs,26,,,
2,1,1,2.0,200.0,,,,48,grp_a_consent/grp_d1_inputs/rpt_d_nonlabor_inputs,26,,,
