grp_a_consent/grp_b_farmproduction/rpt_b2_livestock/b2_livestock,grp_a_consent/grp_b_farmproduction/rpt_b2_livestock/b2_currentstock,grp_a_consent/grp_b_farmproduction/rpt_b2_livestock/b2_livestockpffood,grp_a_consent/grp_b_farmproduction/rpt_b2_livestock/grp_b2_livestockmarket/note_market,grp_a_consent/grp_b_farmproduction/rpt_b2_livestock/grp_b2_livestockmarket/b2_livestock_qntysold,grp_a_consent/grp_b_farmproduction/rpt_b2_livestock/grp_b2_livestockmarket/b2_livestock_unitprice,_id,_uuid,_submission_time,_index,_parent_table_name,_parent_index,_tags,_notes,_version
1,4,0,,,,,,,1,Potato,1,,,
5,15,5,,50.0,,,,,2,Potato,1,,,
1,5,0,,2.0,,,,,3,Potato,2,,,
2,4,0,,0.0,,,,,4,Potato,2,,,
1,4,0,,0.0,,,,,5,Potato,3,,,
2,4,0,,0.0,,,,,6,Potato,3,,,
5,20,3,,12.0,,,,,7,Potato,3,,,
1,20,0,,6.0,30000.0,,,,8,Potato,5,,,
3,20,2,,5.0,,,,,9,Potato,5,,,
1,4,0,,2.0,40000.0,,,,10,Potato,6,,,
1,11,0,,0.0,,,,,11,Potato,7,,,
1,3,0,,0.0,,,,,12,Potato,8,,,
2,5,0,,4.0,,,,,13,Potato,8,,,
1,5,0,,2.0,,,,,14,Potato,9,,,
1,3,0,,0.0,,,,,15,Potato,10,,,
2,3,1,,0.0,,,,,16,Potato,10,,,
1,2,0,,0.0,,,,,17,Potato,11,,,
3,5,1,,0.0,,,,,18,Potato,11,,,
2,1,0,,0.0,,,,,19,Potato,11,,,
1,2,0,,0.0,,,,,20,Potato,12,,,
2,5,0,,0.0,,,,,21,Potato,12,,,
5,30,0,,10.0,,,,,22,Potato,12,,,
1,13,0,,0.0,,,,,23,Potato,13,,,
2,15,2,,3.0,,,,,24,Potato,13,,,
5,20,5,,15.0,,,,,25,Potato,13,,,
1,3,0,,0.0,,,,,26,Potato,14,,,
2,11,2,,0.0,,,,,27,Potato,14,,,
5,51,6,,8.0,,,,,28,Potato,14,,,
5,80,20,,60.0,500.0,,,,29,Potato,15,,,
1,5,0,,0.0,,,,,30,Potato,16,,,
2,15,2,,0.0,,,,,31,Potato,16,,,
5,90,30,,0.0,,,,,32,Potato,16,,,
1,2,0,,0.0,,,,,33,Potato,17,,,
2,3,0,,,,,,,34,Potato,17,,,
2,3,0,,1.0,,,,,35,Potato,17,,,
1,2,0,,1.0,,,,,36,Potato,18,,,
1,4,0,,1.0,,,,,37,Potato,19,,,
5,3o,5,,20.0,,,,,38,Potato,19,,,
1,2,0,,0.0,,,,,39,Potato,20,,,
1,5,0,,0.0,,,,,40,Potato,25,,,
2,15,2,,0.0,,,,,41,Potato,25,,,
5,90,30,,0.0,,,,,42,Potato,25,,,
