grp_a_consent/rpt_secg_foodcnsmptn/rpt_e_childfoodconsume/e_childfoodgroupid,grp_a_consent/rpt_secg_foodcnsmptn/rpt_e_childfoodconsume/e_childfoodgroupname,grp_a_consent/rpt_secg_foodcnsmptn/rpt_e_childfoodconsume/e_childfoodgrouphint,grp_a_consent/rpt_secg_foodcnsmptn/rpt_e_childfoodconsume/e_childtimesconsumed7days,grp_a_consent/rpt_secg_foodcnsmptn/rpt_e_childfoodconsume/grp_e_childfoodconsumed/e_childitemsource,grp_a_consent/rpt_secg_foodcnsmptn/rpt_e_childfoodconsume/grp_e_childfoodconsumed/e_childitemsourceother,grp_a_consent/rpt_secg_foodcnsmptn/rpt_e_childfoodconsume/grp_e_childfoodconsumed/e_childconsumed24hrs,_id,_uuid,_submission_time,_index,_parent_table_name,_parent_index,_tags,_notes,_version
1,Cereal staples or food from cereals,"Millet, sorghum, maize, rice, wheat, other grains, bread, noodles, biscuits, barley",14,1,,1,,,,1,grp_a_consent/rpt_secg_foodcnsmptn,3,,,
2,Vit A rich tubers & vegetables,"orange veg: pumpkin, carrot,  orange sweet potato ",5,1,,1,,,,2,grp_a_consent/rpt_secg_foodcnsmptn,3,,,
3,White tubers & roots,"Potatoes, yams & sweet potato, cassava, false banana or foods made from these",2,1,,1,,,,3,grp_a_consent/rpt_secg_foodcnsmptn,3,,,
4,Dark green leafy vegetables,"okra, spinach, sukuma wiki",14,1,,1,,,,4,grp_a_consent/rpt_secg_foodcnsmptn,3,,,
5,Other vegetables,"Tomato, onion, eggplant, cabbage, capsicum, mushroom, cucumber",5,2,,1,,,,5,grp_a_consent/rpt_secg_foodcnsmptn,3,,,
6,Vit A rich fruits,"orange fruits: ripe mango, apricot, peach, papaya",2,2,,2,,,,6,grp_a_consent/rpt_secg_foodcnsmptn,3,,,
7,Other fruit,"Apple, banana, plantain, pineapple, avocado",1,2,,2,,,,7,grp_a_consent/rpt_secg_foodcnsmptn,3,,,
8,Organ meat (iron rich),"Liver, kidney, heart, other organ meat (incl. intestine)",0,,,,,,,8,grp_a_consent/rpt_secg_foodcnsmptn,3,,,
9,Flesh meat,"Beef, pork, lamb, goat, rabbit, wild game, chicken, other poultry",2,2,,2,,,,9,grp_a_consent/rpt_secg_foodcnsmptn,3,,,
10,Eggs,Eggs,4,1,,2,,,,10,grp_a_consent/rpt_secg_foodcnsmptn,3,,,
11,Fish,Fresh or dried fish or shellfish,0,,,,,,,11,grp_a_consent/rpt_secg_foodcnsmptn,3,,,
12,Milk & milk products,"Milk, cheese, yoghurt, other milk products",14,1,,1,,,,12,grp_a_consent/rpt_secg_foodcnsmptn,3,,,
13,"Legumes, nuts, seeds","Beans, peas (chickpeas), lentils, nuts",2,2,,2,,,,13,grp_a_consent/rpt_secg_foodcnsmptn,3,,,
14,Oils and fats,"ANY oil, ANY  butter",14,2,,1,,,,14,grp_a_consent/rpt_secg_foodcnsmptn,3,,,
15,Sweets,"Sweets, sugar, honey",14,2,,1,,,,15,grp_a_consent/rpt_secg_foodcnsmptn,3,,,
16,"Spices, beverages, condiments ","Any other foods, coffee, tea incl. milk in tea",14,2,,1,,,,16,grp_a_consent/rpt_secg_foodcnsmptn,3,,,
1,Cereal staples or food from cereals,"Millet, sorghum, maize, rice, wheat, other grains, bread, noodles, biscuits, barley",14,1,,1,,,,17,grp_a_consent/rpt_secg_foodcnsmptn,14,,,
2,Vit A rich tubers & vegetables,"orange veg: pumpkin, carrot,  orange sweet potato ",14,1,,1,,,,18,grp_a_consent/rpt_secg_foodcnsmptn,14,,,
3,White tubers & roots,"Potatoes, yams & sweet potato, cassava, false banana or foods made from these",14,1,,2,,,,19,grp_a_consent/rpt_secg_foodcnsmptn,14,,,
4,Dark green leafy vegetables,"okra, spinach, sukuma wiki",14,1,,1,,,,20,grp_a_consent/rpt_secg_foodcnsmptn,14,,,
5,Other vegetables,"Tomato, onion, eggplant, cabbage, capsicum, mushroom, cucumber",7,1,,1,,,,21,grp_a_consent/rpt_secg_foodcnsmptn,14,,,
6,Vit A rich fruits,"orange fruits: ripe mango, apricot, peach, papaya",7,1,,1,,,,22,grp_a_consent/rpt_secg_foodcnsmptn,14,,,
7,Other fruit,"Apple, banana, plantain, pineapple, avocado",7,1,,1,,,,23,grp_a_consent/rpt_secg_foodcnsmptn,14,,,
8,Organ meat (iron rich),"Liver, kidney, heart, other organ meat (incl. intestine)",7,1,,1,,,,24,grp_a_consent/rpt_secg_foodcnsmptn,14,,,
9,Flesh meat,"Beef, pork, lamb, goat, rabbit, wild game, chicken, other poultry",1,2,,1,,,,25,grp_a_consent/rpt_secg_foodcnsmptn,14,,,
10,Eggs,Eggs,2,1,,1,,,,26,grp_a_consent/rpt_secg_foodcnsmptn,14,,,
11,Fish,Fresh or dried fish or shellfish,0,,,,,,,27,grp_a_consent/rpt_secg_foodcnsmptn,14,,,
12,Milk & milk products,"Milk, cheese, yoghurt, other milk products",1,1,,1,,,,28,grp_a_consent/rpt_secg_foodcnsmptn,14,,,
13,"Legumes, nuts, seeds","Beans, peas (chickpeas), lentils, nuts",2,1,,2,,,,29,grp_a_consent/rpt_secg_foodcnsmptn,14,,,
14,Oils and fats,"ANY oil, ANY  butter",7,2,,1,,,,30,grp_a_consent/rpt_secg_foodcnsmptn,14,,,
15,Sweets,"Sweets, sugar, honey",1,2,,1,,,,31,grp_a_consent/rpt_secg_foodcnsmptn,14,,,
16,"Spices, beverages, condiments ","Any other foods, coffee, tea incl. milk in tea",14,1,,1,,,,32,grp_a_consent/rpt_secg_foodcnsmptn,14,,,
1,Cereal staples or food from cereals,"Millet, sorghum, maize, rice, wheat, other grains, bread, noodles, biscuits, barley",14,1,,1,,,,33,grp_a_consent/rpt_secg_foodcnsmptn,16,,,
2,Vit A rich tubers & vegetables,"orange veg: pumpkin, carrot,  orange sweet potato ",5,2,,2,,,,34,grp_a_consent/rpt_secg_foodcnsmptn,16,,,
3,White tubers & roots,"Potatoes, yams & sweet potato, cassava, false banana or foods made from these",5,2,,2,,,,35,grp_a_consent/rpt_secg_foodcnsmptn,16,,,
4,Dark green leafy vegetables,"okra, spinach, sukuma wiki",14,1,,1,,,,36,grp_a_consent/rpt_secg_foodcnsmptn,16,,,
5,Other vegetables,"Tomato, onion, eggplant, cabbage, capsicum, mushroom, cucumber",14,1,,1,,,,37,grp_a_consent/rpt_secg_foodcnsmptn,16,,,
6,Vit A rich fruits,"orange fruits: ripe mango, apricot, peach, papaya",14,2,,1,,,,38,grp_a_consent/rpt_secg_foodcnsmptn,16,,,
7,Other fruit,"Apple, banana, plantain, pineapple, avocado",1,2,,2,,,,39,grp_a_consent/rpt_secg_foodcnsmptn,16,,,
8,Organ meat (iron rich),"Liver, kidney, heart, other organ meat (incl. intestine)",0,,,,,,,40,grp_a_consent/rpt_secg_foodcnsmptn,16,,,
9,Flesh meat,"Beef, pork, lamb, goat, rabbit, wild game, chicken, other poultry",0,,,,,,,41,grp_a_consent/rpt_secg_foodcnsmptn,16,,,
10,Eggs,Eggs,5,1,,1,,,,42,grp_a_consent/rpt_secg_foodcnsmptn,16,,,
11,Fish,Fresh or dried fish or shellfish,1,2,,2,,,,43,grp_a_consent/rpt_secg_foodcnsmptn,16,,,
12,Milk & milk products,"Milk, cheese, yoghurt, other milk products",14,1,,1,,,,44,grp_a_consent/rpt_secg_foodcnsmptn,16,,,
13,"Legumes, nuts, seeds","Beans, peas (chickpeas), lentils, nuts",3,1,,2,,,,45,grp_a_consent/rpt_secg_foodcnsmptn,16,,,
14,Oils and fats,"ANY oil, ANY  butter",14,2,,1,,,,46,grp_a_consent/rpt_secg_foodcnsmptn,16,,,
15,Sweets,"Sweets, sugar, honey",14,2,,2,,,,47,grp_a_consent/rpt_secg_foodcnsmptn,16,,,
16,"Spices, beverages, condiments ","Any other foods, coffee, tea incl. milk in tea",1,2,,2,,,,48,grp_a_consent/rpt_secg_foodcnsmptn,16,,,
1,Cereal staples or food from cereals,"Millet, sorghum, maize, rice, wheat, other grains, bread, noodles, biscuits, barley",2,1,,1,,,,49,grp_a_consent/rpt_secg_foodcnsmptn,20,,,
2,Vit A rich tubers & vegetables,"orange veg: pumpkin, carrot,  orange sweet potato ",5,1,,1,,,,50,grp_a_consent/rpt_secg_foodcnsmptn,20,,,
3,White tubers & roots,"Potatoes, yams & sweet potato, cassava, false banana or foods made from these",2,1,,1,,,,51,grp_a_consent/rpt_secg_foodcnsmptn,20,,,
4,Dark green leafy vegetables,"okra, spinach, sukuma wiki",7,1,,1,,,,52,grp_a_consent/rpt_secg_foodcnsmptn,20,,,
5,Other vegetables,"Tomato, onion, eggplant, cabbage, capsicum, mushroom, cucumber",7,1,,1,,,,53,grp_a_consent/rpt_secg_foodcnsmptn,20,,,
6,Vit A rich fruits,"orange fruits: ripe mango, apricot, peach, papaya",4,2,,1,,,,54,grp_a_consent/rpt_secg_foodcnsmptn,20,,,
7,Other fruit,"Apple, banana, plantain, pineapple, avocado",2,2,,1,,,,55,grp_a_consent/rpt_secg_foodcnsmptn,20,,,
8,Organ meat (iron rich),"Liver, kidney, heart, other organ meat (incl. intestine)",2,1,,2,,,,56,grp_a_consent/rpt_secg_foodcnsmptn,20,,,
9,Flesh meat,"Beef, pork, lamb, goat, rabbit, wild game, chicken, other poultry",1,2,,2,,,,57,grp_a_consent/rpt_secg_foodcnsmptn,20,,,
10,Eggs,Eggs,0,,,,,,,58,grp_a_consent/rpt_secg_foodcnsmptn,20,,,
11,Fish,Fresh or dried fish or shellfish,0,,,,,,,59,grp_a_consent/rpt_secg_foodcnsmptn,20,,,
12,Milk & milk products,"Milk, cheese, yoghurt, other milk products",7,1,,1,,,,60,grp_a_consent/rpt_secg_foodcnsmptn,20,,,
13,"Legumes, nuts, seeds","Beans, peas (chickpeas), lentils, nuts",7,1,,2,,,,61,grp_a_consent/rpt_secg_foodcnsmptn,20,,,
14,Oils and fats,"ANY oil, ANY  butter",2,2,,1,,,,62,grp_a_consent/rpt_secg_foodcnsmptn,20,,,
15,Sweets,"Sweets, sugar, honey",0,,,,,,,63,grp_a_consent/rpt_secg_foodcnsmptn,20,,,
16,"Spices, beverages, condiments ","Any other foods, coffee, tea incl. milk in tea",7,2,,1,,,,64,grp_a_consent/rpt_secg_foodcnsmptn,20,,,
1,Cereal staples or food from cereals,"Millet, sorghum, maize, rice, wheat, other grains, bread, noodles, biscuits, barley",7,1,,1,,,,65,grp_a_consent/rpt_secg_foodcnsmptn,23,,,
2,Vit A rich tubers & vegetables,"orange veg: pumpkin, carrot,  orange sweet potato ",1,1,,1,,,,66,grp_a_consent/rpt_secg_foodcnsmptn,23,,,
3,White tubers & roots,"Potatoes, yams & sweet potato, cassava, false banana or foods made from these",0,,,,,,,67,grp_a_consent/rpt_secg_foodcnsmptn,23,,,
4,Dark green leafy vegetables,"okra, spinach, sukuma wiki",7,2,,1,,,,68,grp_a_consent/rpt_secg_foodcnsmptn,23,,,
5,Other vegetables,"Tomato, onion, eggplant, cabbage, capsicum, mushroom, cucumber",7,2,,2,,,,69,grp_a_consent/rpt_secg_foodcnsmptn,23,,,
6,Vit A rich fruits,"orange fruits: ripe mango, apricot, peach, papaya",0,,,,,,,70,grp_a_consent/rpt_secg_foodcnsmptn,23,,,
7,Other fruit,"Apple, banana, plantain, pineapple, avocado",0,,,,,,,71,grp_a_consent/rpt_secg_foodcnsmptn,23,,,
8,Organ meat (iron rich),"Liver, kidney, heart, other organ meat (incl. intestine)",0,,,,,,,72,grp_a_consent/rpt_secg_foodcnsmptn,23,,,
9,Flesh meat,"Beef, pork, lamb, goat, rabbit, wild game, chicken, other poultry",0,,,,,,,73,grp_a_consent/rpt_secg_foodcnsmptn,23,,,
10,Eggs,Eggs,1,1,,2,,,,74,grp_a_consent/rpt_secg_foodcnsmptn,23,,,
11,Fish,Fresh or dried fish or shellfish,0,,,,,,,75,grp_a_consent/rpt_secg_foodcnsmptn,23,,,
12,Milk & milk products,"Milk, cheese, yoghurt, other milk products",7,1,,2,,,,76,grp_a_consent/rpt_secg_foodcnsmptn,23,,,
13,"Legumes, nuts, seeds","Beans, peas (chickpeas), lentils, nuts",10,1,,1,,,,77,grp_a_consent/rpt_secg_foodcnsmptn,23,,,
14,Oils and fats,"ANY oil, ANY  butter",7,2,,1,,,,78,grp_a_consent/rpt_secg_foodcnsmptn,23,,,
15,Sweets,"Sweets, sugar, honey",7,2,,1,,,,79,grp_a_consent/rpt_secg_foodcnsmptn,23,,,
16,"Spices, beverages, condiments ","Any other foods, coffee, tea incl. milk in tea",0,,,,,,,80,grp_a_consent/rpt_secg_foodcnsmptn,23,,,
1,Cereal staples or food from cereals,"Millet, sorghum, maize, rice, wheat, other grains, bread, noodles, biscuits, barley",7,2,,1,,,,81,grp_a_consent/rpt_secg_foodcnsmptn,24,,,
2,Vit A rich tubers & vegetables,"orange veg: pumpkin, carrot,  orange sweet potato ",3,2,,1,,,,82,grp_a_consent/rpt_secg_foodcnsmptn,24,,,
3,White tubers & roots,"Potatoes, yams & sweet potato, cassava, false banana or foods made from these",2,1,,2,,,,83,grp_a_consent/rpt_secg_foodcnsmptn,24,,,
4,Dark green leafy vegetables,"okra, spinach, sukuma wiki",5,2,,2,,,,84,grp_a_consent/rpt_secg_foodcnsmptn,24,,,
5,Other vegetables,"Tomato, onion, eggplant, cabbage, capsicum, mushroom, cucumber",4,2,,2,,,,85,grp_a_consent/rpt_secg_foodcnsmptn,24,,,
6,Vit A rich fruits,"orange fruits: ripe mango, apricot, peach, papaya",0,,,,,,,86,grp_a_consent/rpt_secg_foodcnsmptn,24,,,
7,Other fruit,"Apple, banana, plantain, pineapple, avocado",0,,,,,,,87,grp_a_consent/rpt_secg_foodcnsmptn,24,,,
8,Organ meat (iron rich),"Liver, kidney, heart, other organ meat (incl. intestine)",0,,,,,,,88,grp_a_consent/rpt_secg_foodcnsmptn,24,,,
9,Flesh meat,"Beef, pork, lamb, goat, rabbit, wild game, chicken, other poultry",1,2,,2,,,,89,grp_a_consent/rpt_secg_foodcnsmptn,24,,,
10,Eggs,Eggs,1,2,,2,,,,90,grp_a_consent/rpt_secg_foodcnsmptn,24,,,
11,Fish,Fresh or dried fish or shellfish,0,,,,,,,91,grp_a_consent/rpt_secg_foodcnsmptn,24,,,
12,Milk & milk products,"Milk, cheese, yoghurt, other milk products",7,2,,1,,,,92,grp_a_consent/rpt_secg_foodcnsmptn,24,,,
13,"Legumes, nuts, seeds","Beans, peas (chickpeas), lentils, nuts",4,1,,1,,,,93,grp_a_consent/rpt_secg_foodcnsmptn,24,,,
14,Oils and fats,"ANY oil, ANY  butter",7,2,,2,,,,94,grp_a_consent/rpt_secg_foodcnsmptn,24,,,
15,Sweets,"Sweets, sugar, honey",7,3,,1,,,,95,grp_a_consent/rpt_secg_foodcnsmptn,24,,,
16,"Spices, beverages, condiments ","Any other foods, coffee, tea incl. milk in tea",7,3,,2,,,,96,grp_a_consent/rpt_secg_foodcnsmptn,24,,,
1,Cereal staples or food from cereals,"Millet, sorghum, maize, rice, wheat, other grains, bread, noodles, biscuits, barley",14,1,,1,,,,97,grp_a_consent/rpt_secg_foodcnsmptn,25,,,
2,Vit A rich tubers & vegetables,"orange veg: pumpkin, carrot,  orange sweet potato ",5,2,,2,,,,98,grp_a_consent/rpt_secg_foodcnsmptn,25,,,
3,White tubers & roots,"Potatoes, yams & sweet potato, cassava, false banana or foods made from these",5,2,,2,,,,99,grp_a_consent/rpt_secg_foodcnsmptn,25,,,
4,Dark green leafy vegetables,"okra, spinach, sukuma wiki",14,1,,1,,,,100,grp_a_consent/rpt_secg_foodcnsmptn,25,,,
5,Other vegetables,"Tomato, onion, eggplant, cabbage, capsicum, mushroom, cucumber",14,1,,1,,,,101,grp_a_consent/rpt_secg_foodcnsmptn,25,,,
6,Vit A rich fruits,"orange fruits: ripe mango, apricot, peach, papaya",14,2,,1,,,,102,grp_a_consent/rpt_secg_foodcnsmptn,25,,,
7,Other fruit,"Apple, banana, plantain, pineapple, avocado",1,2,,2,,,,103,grp_a_consent/rpt_secg_foodcnsmptn,25,,,
8,Organ meat (iron rich),"Liver, kidney, heart, other organ meat (incl. intestine)",0,,,,,,,104,grp_a_consent/rpt_secg_foodcnsmptn,25,,,
9,Flesh meat,"Beef, pork, lamb, goat, rabbit, wild game, chicken, other poultry",0,,,,,,,105,grp_a_consent/rpt_secg_foodcnsmptn,25,,,
10,Eggs,Eggs,5,1,,1,,,,106,grp_a_consent/rpt_secg_foodcnsmptn,25,,,
11,Fish,Fresh or dried fish or shellfish,1,2,,2,,,,107,grp_a_consent/rpt_secg_foodcnsmptn,25,,,
12,Milk & milk products,"Milk, cheese, yoghurt, other milk products",14,1,,1,,,,108,grp_a_consent/rpt_secg_foodcnsmptn,25,,,
13,"Legumes, nuts, seeds","Beans, peas (chickpeas), lentils, nuts",3,1,,2,,,,109,grp_a_consent/rpt_secg_foodcnsmptn,25,,,
14,Oils and fats,"ANY oil, ANY  butter",14,2,,1,,,,110,grp_a_consent/rpt_secg_foodcnsmptn,25,,,
15,Sweets,"Sweets, sugar, honey",14,2,,2,,,,111,grp_a_consent/rpt_secg_foodcnsmptn,25,,,
16,"Spices, beverages, condiments ","Any other foods, coffee, tea incl. milk in tea",1,2,,2,,,,112,grp_a_consent/rpt_secg_foodcnsmptn,25,,,
