grp_a_consent/rpt_secg_foodcnsmptn/rpt_e_femalefoodconsume/e_femalefoodgroupid,grp_a_consent/rpt_secg_foodcnsmptn/rpt_e_femalefoodconsume/e_femalefoodgroupname,grp_a_consent/rpt_secg_foodcnsmptn/rpt_e_femalefoodconsume/e_femalefoodgrouphint,grp_a_consent/rpt_secg_foodcnsmptn/rpt_e_femalefoodconsume/e_femaletimesconsumed7days,grp_a_consent/rpt_secg_foodcnsmptn/rpt_e_femalefoodconsume/grp_e_femalefoodconsumed/e_femaleitemsource,grp_a_consent/rpt_secg_foodcnsmptn/rpt_e_femalefoodconsume/grp_e_femalefoodconsumed/e_femaleitemsourceother,grp_a_consent/rpt_secg_foodcnsmptn/rpt_e_femalefoodconsume/grp_e_femalefoodconsumed/e_femaleconsumed24hrs,_id,_uuid,_submission_time,_index,_parent_table_name,_parent_index,_tags,_notes,_version
1,Cereal staples or food from cereals,"Millet, sorghum, maize, rice, wheat, other grains, bread, noodles, biscuits, barley",14,1,,1,,,,1,grp_a_consent/rpt_secg_foodcnsmptn,1,,,
2,Vit A rich tubers & vegetables,"orange veg: pumpkin, carrot,  orange sweet potato ",3,1,,1,,,,2,grp_a_consent/rpt_secg_foodcnsmptn,1,,,
3,White tubers & roots,"Potatoes, yams & sweet potato, cassava, false banana or foods made from these",4,1,,1,,,,3,grp_a_consent/rpt_secg_foodcnsmptn,1,,,
4,Dark green leafy vegetables,"okra, spinach, sukuma wiki",14,1,,1,,,,4,grp_a_consent/rpt_secg_foodcnsmptn,1,,,
5,Other vegetables,"Tomato, onion, eggplant, cabbage, capsicum, mushroom, cucumber",5,1,,1,,,,5,grp_a_consent/rpt_secg_foodcnsmptn,1,,,
6,Vit A rich fruits,"orange fruits: ripe mango, apricot, peach, papaya",1,2,,2,,,,6,grp_a_consent/rpt_secg_foodcnsmptn,1,,,
7,Other fruit,"Apple, banana, plantain, pineapple, avocado",1,2,,2,,,,7,grp_a_consent/rpt_secg_foodcnsmptn,1,,,
8,Organ meat (iron rich),"Liver, kidney, heart, other organ meat (incl. intestine)",1,2,,2,,,,8,grp_a_consent/rpt_secg_foodcnsmptn,1,,,
9,Flesh meat,"Beef, pork, lamb, goat, rabbit, wild game, chicken, other poultry",1,1,,2,,,,9,grp_a_consent/rpt_secg_foodcnsmptn,1,,,
10,Eggs,Eggs,2,1,,1,,,,10,grp_a_consent/rpt_secg_foodcnsmptn,1,,,
11,Fish,Fresh or dried fish or shellfish,0,,,,,,,11,grp_a_consent/rpt_secg_foodcnsmptn,1,,,
12,Milk & milk products,"Milk, cheese, yoghurt, other milk products",14,1,,1,,,,12,grp_a_consent/rpt_secg_foodcnsmptn,1,,,
13,"Legumes, nuts, seeds","Beans, peas (chickpeas), lentils, nuts",3,1,,2,,,,13,grp_a_consent/rpt_secg_foodcnsmptn,1,,,
14,Oils and fats,"ANY oil, ANY  butter",14,2,,1,,,,14,grp_a_consent/rpt_secg_foodcnsmptn,1,,,
15,Sweets,"Sweets, sugar, honey",14,2,,1,,,,15,grp_a_consent/rpt_secg_foodcnsmptn,1,,,
16,"Spices, beverages, condiments ","Any other foods, coffee, tea incl. milk in tea",14,2,,1,,,,16,grp_a_consent/rpt_secg_foodcnsmptn,1,,,
1,Cereal staples or food from cereals,"Millet, sorghum, maize, rice, wheat, other grains, bread, noodles, biscuits, barley",14,1,,1,,,,17,grp_a_consent/rpt_secg_foodcnsmptn,2,,,
2,Vit A rich tubers & vegetables,"orange veg: pumpkin, carrot,  orange sweet potato ",1,2,,1,,,,18,grp_a_consent/rpt_secg_foodcnsmptn,2,,,
3,White tubers & roots,"Potatoes, yams & sweet potato, cassava, false banana or foods made from these",1,2,,2,,,,19,grp_a_consent/rpt_secg_foodcnsmptn,2,,,
4,Dark green leafy vegetables,"okra, spinach, sukuma wiki",14,1,,1,,,,20,grp_a_consent/rpt_secg_foodcnsmptn,2,,,
5,Other vegetables,"Tomato, onion, eggplant, cabbage, capsicum, mushroom, cucumber",14,1,,1,,,,21,grp_a_consent/rpt_secg_foodcnsmptn,2,,,
6,Vit A rich fruits,"orange fruits: ripe mango, apricot, peach, papaya",1,2,,2,,,,22,grp_a_consent/rpt_secg_foodcnsmptn,2,,,
7,Other fruit,"Apple, banana, plantain, pineapple, avocado",1,2,,2,,,,23,grp_a_consent/rpt_secg_foodcnsmptn,2,,,
8,Organ meat (iron rich),"Liver, kidney, heart, other organ meat (incl. intestine)",1,2,,2,,,,24,grp_a_consent/rpt_secg_foodcnsmptn,2,,,
9,Flesh meat,"Beef, pork, lamb, goat, rabbit, wild game, chicken, other poultry",1,1,,2,,,,25,grp_a_consent/rpt_secg_foodcnsmptn,2,,,
10,Eggs,Eggs,0,,,,,,,26,grp_a_consent/rpt_secg_foodcnsmptn,2,,,
11,Fish,Fresh or dried fish or shellfish,0,,,,,,,27,grp_a_consent/rpt_secg_foodcnsmptn,2,,,
12,Milk & milk products,"Milk, cheese, yoghurt, other milk products",14,1,,1,,,,28,grp_a_consent/rpt_secg_foodcnsmptn,2,,,
13,"Legumes, nuts, seeds","Beans, peas (chickpeas), lentils, nuts",1,2,,2,,,,29,grp_a_consent/rpt_secg_foodcnsmptn,2,,,
14,Oils and fats,"ANY oil, ANY  butter",14,2,,1,,,,30,grp_a_consent/rpt_secg_foodcnsmptn,2,,,
15,Sweets,"Sweets, sugar, honey",14,2,,1,,,,31,grp_a_consent/rpt_secg_foodcnsmptn,2,,,
16,"Spices, beverages, condiments ","Any other foods, coffee, tea incl. milk in tea",14,2,,1,,,,32,grp_a_consent/rpt_secg_foodcnsmptn,2,,,
1,Cereal staples or food from cereals,"Millet, sorghum, maize, rice, wheat, other grains, bread, noodles, biscuits, barley",14,1,,1,,,,33,grp_a_consent/rpt_secg_foodcnsmptn,3,,,
2,Vit A rich tubers & vegetables,"orange veg: pumpkin, carrot,  orange sweet potato ",2,1,,2,,,,34,grp_a_consent/rpt_secg_foodcnsmptn,3,,,
3,White tubers & roots,"Potatoes, yams & sweet potato, cassava, false banana or foods made from these",2,2,,2,,,,35,grp_a_consent/rpt_secg_foodcnsmptn,3,,,
4,Dark green leafy vegetables,"okra, spinach, sukuma wiki",14,1,,1,,,,36,grp_a_consent/rpt_secg_foodcnsmptn,3,,,
5,Other vegetables,"Tomato, onion, eggplant, cabbage, capsicum, mushroom, cucumber",5,2,,1,,,,37,grp_a_consent/rpt_secg_foodcnsmptn,3,,,
6,Vit A rich fruits,"orange fruits: ripe mango, apricot, peach, papaya",1,2,,2,,,,38,grp_a_consent/rpt_secg_foodcnsmptn,3,,,
7,Other fruit,"Apple, banana, plantain, pineapple, avocado",1,2,,2,,,,39,grp_a_consent/rpt_secg_foodcnsmptn,3,,,
8,Organ meat (iron rich),"Liver, kidney, heart, other organ meat (incl. intestine)",0,,,,,,,40,grp_a_consent/rpt_secg_foodcnsmptn,3,,,
9,Flesh meat,"Beef, pork, lamb, goat, rabbit, wild game, chicken, other poultry",1,2,,2,,,,41,grp_a_consent/rpt_secg_foodcnsmptn,3,,,
10,Eggs,Eggs,4,1,,1,,,,42,grp_a_consent/rpt_secg_foodcnsmptn,3,,,
11,Fish,Fresh or dried fish or shellfish,0,,,,,,,43,grp_a_consent/rpt_secg_foodcnsmptn,3,,,
12,Milk & milk products,"Milk, cheese, yoghurt, other milk products",14,1,,1,,,,44,grp_a_consent/rpt_secg_foodcnsmptn,3,,,
13,"Legumes, nuts, seeds","Beans, peas (chickpeas), lentils, nuts",2,2,,2,,,,45,grp_a_consent/rpt_secg_foodcnsmptn,3,,,
14,Oils and fats,"ANY oil, ANY  butter",14,2,,1,,,,46,grp_a_consent/rpt_secg_foodcnsmptn,3,,,
15,Sweets,"Sweets, sugar, honey",14,2,,1,,,,47,grp_a_consent/rpt_secg_foodcnsmptn,3,,,
16,"Spices, beverages, condiments ","Any other foods, coffee, tea incl. milk in tea",14,2,,1,,,,48,grp_a_consent/rpt_secg_foodcnsmptn,3,,,
1,Cereal staples or food from cereals,"Millet, sorghum, maize, rice, wheat, other grains, bread, noodles, biscuits, barley",14,1,,1,,,,49,grp_a_consent/rpt_secg_foodcnsmptn,6,,,
2,Vit A rich tubers & vegetables,"orange veg: pumpkin, carrot,  orange sweet potato ",3,2,,2,,,,50,grp_a_consent/rpt_secg_foodcnsmptn,6,,,
3,White tubers & roots,"Potatoes, yams & sweet potato, cassava, false banana or foods made from these",2,2,,2,,,,51,grp_a_consent/rpt_secg_foodcnsmptn,6,,,
4,Dark green leafy vegetables,"okra, spinach, sukuma wiki",7,1,,1,,,,52,grp_a_consent/rpt_secg_foodcnsmptn,6,,,
5,Other vegetables,"Tomato, onion, eggplant, cabbage, capsicum, mushroom, cucumber",7,2,,1,,,,53,grp_a_consent/rpt_secg_foodcnsmptn,6,,,
6,Vit A rich fruits,"orange fruits: ripe mango, apricot, peach, papaya",1,2,,2,,,,54,grp_a_consent/rpt_secg_foodcnsmptn,6,,,
7,Other fruit,"Apple, banana, plantain, pineapple, avocado",1,2,,1,,,,55,grp_a_consent/rpt_secg_foodcnsmptn,6,,,
8,Organ meat (iron rich),"Liver, kidney, heart, other organ meat (incl. intestine)",1,2,,2,,,,56,grp_a_consent/rpt_secg_foodcnsmptn,6,,,
9,Flesh meat,"Beef, pork, lamb, goat, rabbit, wild game, chicken, other poultry",1,2,,2,,,,57,grp_a_consent/rpt_secg_foodcnsmptn,6,,,
10,Eggs,Eggs,1,1,,2,,,,58,grp_a_consent/rpt_secg_foodcnsmptn,6,,,
11,Fish,Fresh or dried fish or shellfish,0,,,,,,,59,grp_a_consent/rpt_secg_foodcnsmptn,6,,,
12,Milk & milk products,"Milk, cheese, yoghurt, other milk products",7,1,,1,,,,60,grp_a_consent/rpt_secg_foodcnsmptn,6,,,
13,"Legumes, nuts, seeds","Beans, peas (chickpeas), lentils, nuts",2,1,,2,,,,61,grp_a_consent/rpt_secg_foodcnsmptn,6,,,
14,Oils and fats,"ANY oil, ANY  butter",7,2,,1,,,,62,grp_a_consent/rpt_secg_foodcnsmptn,6,,,
15,Sweets,"Sweets, sugar, honey",7,2,,1,,,,63,grp_a_consent/rpt_secg_foodcnsmptn,6,,,
16,"Spices, beverages, condiments ","Any other foods, coffee, tea incl. milk in tea",7,2,,1,,,,64,grp_a_consent/rpt_secg_foodcnsmptn,6,,,
1,Cereal staples or food from cereals,"Millet, sorghum, maize, rice, wheat, other grains, bread, noodles, biscuits, barley",14,1,,1,,,,65,grp_a_consent/rpt_secg_foodcnsmptn,9,,,
2,Vit A rich tubers & vegetables,"orange veg: pumpkin, carrot,  orange sweet potato ",0,,,,,,,66,grp_a_consent/rpt_secg_foodcnsmptn,9,,,
3,White tubers & roots,"Potatoes, yams & sweet potato, cassava, false banana or foods made from these",2,2,,2,,,,67,grp_a_consent/rpt_secg_foodcnsmptn,9,,,
4,Dark green leafy vegetables,"okra, spinach, sukuma wiki",14,2,,1,,,,68,grp_a_consent/rpt_secg_foodcnsmptn,9,,,
5,Other vegetables,"Tomato, onion, eggplant, cabbage, capsicum, mushroom, cucumber",14,2,,1,,,,69,grp_a_consent/rpt_secg_foodcnsmptn,9,,,
6,Vit A rich fruits,"orange fruits: ripe mango, apricot, peach, papaya",0,,,,,,,70,grp_a_consent/rpt_secg_foodcnsmptn,9,,,
7,Other fruit,"Apple, banana, plantain, pineapple, avocado",3,2,,2,,,,71,grp_a_consent/rpt_secg_foodcnsmptn,9,,,
8,Organ meat (iron rich),"Liver, kidney, heart, other organ meat (incl. intestine)",0,,,,,,,72,grp_a_consent/rpt_secg_foodcnsmptn,9,,,
9,Flesh meat,"Beef, pork, lamb, goat, rabbit, wild game, chicken, other poultry",2,2,,2,,,,73,grp_a_consent/rpt_secg_foodcnsmptn,9,,,
10,Eggs,Eggs,0,,,,,,,74,grp_a_consent/rpt_secg_foodcnsmptn,9,,,
11,Fish,Fresh or dried fish or shellfish,0,,,,,,,75,grp_a_consent/rpt_secg_foodcnsmptn,9,,,
12,Milk & milk products,"Milk, cheese, yoghurt, other milk products",14,1,,1,,,,76,grp_a_consent/rpt_secg_foodcnsmptn,9,,,
13,"Legumes, nuts, seeds","Beans, peas (chickpeas), lentils, nuts",0,,,,,,,77,grp_a_consent/rpt_secg_foodcnsmptn,9,,,
14,Oils and fats,"ANY oil, ANY  butter",14,2,,1,,,,78,grp_a_consent/rpt_secg_foodcnsmptn,9,,,
15,Sweets,"Sweets, sugar, honey",7,2,,1,,,,79,grp_a_consent/rpt_secg_foodcnsmptn,9,,,
16,"Spices, beverages, condiments ","Any other foods, coffee, tea incl. milk in tea",14,1,,1,,,,80,grp_a_consent/rpt_secg_foodcnsmptn,9,,,
1,Cereal staples or food from cereals,"Millet, sorghum, maize, rice, wheat, other grains, bread, noodles, biscuits, barley",2,1,,1,,,,81,grp_a_consent/rpt_secg_foodcnsmptn,14,,,
2,Vit A rich tubers & vegetables,"orange veg: pumpkin, carrot,  orange sweet potato ",14,1,,1,,,,82,grp_a_consent/rpt_secg_foodcnsmptn,14,,,
3,White tubers & roots,"Potatoes, yams & sweet potato, cassava, false banana or foods made from these",14,1,,1,,,,83,grp_a_consent/rpt_secg_foodcnsmptn,14,,,
4,Dark green leafy vegetables,"okra, spinach, sukuma wiki",14,1,,1,,,,84,grp_a_consent/rpt_secg_foodcnsmptn,14,,,
5,Other vegetables,"Tomato, onion, eggplant, cabbage, capsicum, mushroom, cucumber",14,1,,1,,,,85,grp_a_consent/rpt_secg_foodcnsmptn,14,,,
6,Vit A rich fruits,"orange fruits: ripe mango, apricot, peach, papaya",14,1,,2,,,,86,grp_a_consent/rpt_secg_foodcnsmptn,14,,,
7,Other fruit,"Apple, banana, plantain, pineapple, avocado",14,1,,1,,,,87,grp_a_consent/rpt_secg_foodcnsmptn,14,,,
8,Organ meat (iron rich),"Liver, kidney, heart, other organ meat (incl. intestine)",7,2,,2,,,,88,grp_a_consent/rpt_secg_foodcnsmptn,14,,,
9,Flesh meat,"Beef, pork, lamb, goat, rabbit, wild game, chicken, other poultry",4,2,,2,,,,89,grp_a_consent/rpt_secg_foodcnsmptn,14,,,
10,Eggs,Eggs,0,,,,,,,90,grp_a_consent/rpt_secg_foodcnsmptn,14,,,
11,Fish,Fresh or dried fish or shellfish,1,2,,2,,,,91,grp_a_consent/rpt_secg_foodcnsmptn,14,,,
12,Milk & milk products,"Milk, cheese, yoghurt, other milk products",7,1,,2,,,,92,grp_a_consent/rpt_secg_foodcnsmptn,14,,,
13,"Legumes, nuts, seeds","Beans, peas (chickpeas), lentils, nuts",4,2,,2,,,,93,grp_a_consent/rpt_secg_foodcnsmptn,14,,,
14,Oils and fats,"ANY oil, ANY  butter",14,2,,1,,,,94,grp_a_consent/rpt_secg_foodcnsmptn,14,,,
15,Sweets,"Sweets, sugar, honey",14,2,,1,,,,95,grp_a_consent/rpt_secg_foodcnsmptn,14,,,
16,"Spices, beverages, condiments ","Any other foods, coffee, tea incl. milk in tea",14,1,,1,,,,96,grp_a_consent/rpt_secg_foodcnsmptn,14,,,
1,Cereal staples or food from cereals,"Millet, sorghum, maize, rice, wheat, other grains, bread, noodles, biscuits, barley",4,1,,1,,,,97,grp_a_consent/rpt_secg_foodcnsmptn,16,,,
2,Vit A rich tubers & vegetables,"orange veg: pumpkin, carrot,  orange sweet potato ",3,2,,2,,,,98,grp_a_consent/rpt_secg_foodcnsmptn,16,,,
3,White tubers & roots,"Potatoes, yams & sweet potato, cassava, false banana or foods made from these",4,1,,1,,,,99,grp_a_consent/rpt_secg_foodcnsmptn,16,,,
4,Dark green leafy vegetables,"okra, spinach, sukuma wiki",14,1,,1,,,,100,grp_a_consent/rpt_secg_foodcnsmptn,16,,,
5,Other vegetables,"Tomato, onion, eggplant, cabbage, capsicum, mushroom, cucumber",14,2,,1,,,,101,grp_a_consent/rpt_secg_foodcnsmptn,16,,,
6,Vit A rich fruits,"orange fruits: ripe mango, apricot, peach, papaya",2,2,,2,,,,102,grp_a_consent/rpt_secg_foodcnsmptn,16,,,
7,Other fruit,"Apple, banana, plantain, pineapple, avocado",1,2,,2,,,,103,grp_a_consent/rpt_secg_foodcnsmptn,16,,,
8,Organ meat (iron rich),"Liver, kidney, heart, other organ meat (incl. intestine)",1,2,,2,,,,104,grp_a_consent/rpt_secg_foodcnsmptn,16,,,
9,Flesh meat,"Beef, pork, lamb, goat, rabbit, wild game, chicken, other poultry",2,2,,2,,,,105,grp_a_consent/rpt_secg_foodcnsmptn,16,,,
10,Eggs,Eggs,14,1,,1,,,,106,grp_a_consent/rpt_secg_foodcnsmptn,16,,,
11,Fish,Fresh or dried fish or shellfish,2,2,,2,,,,107,grp_a_consent/rpt_secg_foodcnsmptn,16,,,
12,Milk & milk products,"Milk, cheese, yoghurt, other milk products",14,1,,1,,,,108,grp_a_consent/rpt_secg_foodcnsmptn,16,,,
13,"Legumes, nuts, seeds","Beans, peas (chickpeas), lentils, nuts",3,1,,2,,,,109,grp_a_consent/rpt_secg_foodcnsmptn,16,,,
14,Oils and fats,"ANY oil, ANY  butter",14,2,,1,,,,110,grp_a_consent/rpt_secg_foodcnsmptn,16,,,
15,Sweets,"Sweets, sugar, honey",14,2,,1,,,,111,grp_a_consent/rpt_secg_foodcnsmptn,16,,,
16,"Spices, beverages, condiments ","Any other foods, coffee, tea incl. milk in tea",14,2,,1,,,,112,grp_a_consent/rpt_secg_foodcnsmptn,16,,,
1,Cereal staples or food from cereals,"Millet, sorghum, maize, rice, wheat, other grains, bread, noodles, biscuits, barley",7,1,,1,,,,113,grp_a_consent/rpt_secg_foodcnsmptn,19,,,
2,Vit A rich tubers & vegetables,"orange veg: pumpkin, carrot,  orange sweet potato ",1,2,,2,,,,114,grp_a_consent/rpt_secg_foodcnsmptn,19,,,
3,White tubers & roots,"Potatoes, yams & sweet potato, cassava, false banana or foods made from these",0,,,,,,,115,grp_a_consent/rpt_secg_foodcnsmptn,19,,,
4,Dark green leafy vegetables,"okra, spinach, sukuma wiki",0,,,,,,,116,grp_a_consent/rpt_secg_foodcnsmptn,19,,,
5,Other vegetables,"Tomato, onion, eggplant, cabbage, capsicum, mushroom, cucumber",4,1,,2,,,,117,grp_a_consent/rpt_secg_foodcnsmptn,19,,,
6,Vit A rich fruits,"orange fruits: ripe mango, apricot, peach, papaya",0,,,,,,,118,grp_a_consent/rpt_secg_foodcnsmptn,19,,,
7,Other fruit,"Apple, banana, plantain, pineapple, avocado",0,,,,,,,119,grp_a_consent/rpt_secg_foodcnsmptn,19,,,
8,Organ meat (iron rich),"Liver, kidney, heart, other organ meat (incl. intestine)",1,2,,2,,,,120,grp_a_consent/rpt_secg_foodcnsmptn,19,,,
9,Flesh meat,"Beef, pork, lamb, goat, rabbit, wild game, chicken, other poultry",1,2,,2,,,,121,grp_a_consent/rpt_secg_foodcnsmptn,19,,,
10,Eggs,Eggs,2,1,,1,,,,122,grp_a_consent/rpt_secg_foodcnsmptn,19,,,
11,Fish,Fresh or dried fish or shellfish,0,,,,,,,123,grp_a_consent/rpt_secg_foodcnsmptn,19,,,
12,Milk & milk products,"Milk, cheese, yoghurt, other milk products",4,1,,1,,,,124,grp_a_consent/rpt_secg_foodcnsmptn,19,,,
13,"Legumes, nuts, seeds","Beans, peas (chickpeas), lentils, nuts",2,2,,2,,,,125,grp_a_consent/rpt_secg_foodcnsmptn,19,,,
14,Oils and fats,"ANY oil, ANY  butter",0,,,,,,,126,grp_a_consent/rpt_secg_foodcnsmptn,19,,,
15,Sweets,"Sweets, sugar, honey",2,2,,2,,,,127,grp_a_consent/rpt_secg_foodcnsmptn,19,,,
16,"Spices, beverages, condiments ","Any other foods, coffee, tea incl. milk in tea",2,2,,2,,,,128,grp_a_consent/rpt_secg_foodcnsmptn,19,,,
1,Cereal staples or food from cereals,"Millet, sorghum, maize, rice, wheat, other grains, bread, noodles, biscuits, barley",14,1,,1,,,,129,grp_a_consent/rpt_secg_foodcnsmptn,20,,,
2,Vit A rich tubers & vegetables,"orange veg: pumpkin, carrot,  orange sweet potato ",7,1,,1,,,,130,grp_a_consent/rpt_secg_foodcnsmptn,20,,,
3,White tubers & roots,"Potatoes, yams & sweet potato, cassava, false banana or foods made from these",7,1,,1,,,,131,grp_a_consent/rpt_secg_foodcnsmptn,20,,,
4,Dark green leafy vegetables,"okra, spinach, sukuma wiki",7,1,,1,,,,132,grp_a_consent/rpt_secg_foodcnsmptn,20,,,
5,Other vegetables,"Tomato, onion, eggplant, cabbage, capsicum, mushroom, cucumber",7,2,,2,,,,133,grp_a_consent/rpt_secg_foodcnsmptn,20,,,
6,Vit A rich fruits,"orange fruits: ripe mango, apricot, peach, papaya",7,1,,1,,,,134,grp_a_consent/rpt_secg_foodcnsmptn,20,,,
7,Other fruit,"Apple, banana, plantain, pineapple, avocado",0,,,,,,,135,grp_a_consent/rpt_secg_foodcnsmptn,20,,,
8,Organ meat (iron rich),"Liver, kidney, heart, other organ meat (incl. intestine)",3,2,,1,,,,136,grp_a_consent/rpt_secg_foodcnsmptn,20,,,
9,Flesh meat,"Beef, pork, lamb, goat, rabbit, wild game, chicken, other poultry",1,2,,2,,,,137,grp_a_consent/rpt_secg_foodcnsmptn,20,,,
10,Eggs,Eggs,3,2,,2,,,,138,grp_a_consent/rpt_secg_foodcnsmptn,20,,,
11,Fish,Fresh or dried fish or shellfish,2,2,,2,,,,139,grp_a_consent/rpt_secg_foodcnsmptn,20,,,
12,Milk & milk products,"Milk, cheese, yoghurt, other milk products",7,1,,1,,,,140,grp_a_consent/rpt_secg_foodcnsmptn,20,,,
13,"Legumes, nuts, seeds","Beans, peas (chickpeas), lentils, nuts",7,1,,1,,,,141,grp_a_consent/rpt_secg_foodcnsmptn,20,,,
14,Oils and fats,"ANY oil, ANY  butter",3,2,,1,,,,142,grp_a_consent/rpt_secg_foodcnsmptn,20,,,
15,Sweets,"Sweets, sugar, honey",7,3,,2,,,,143,grp_a_consent/rpt_secg_foodcnsmptn,20,,,
16,"Spices, beverages, condiments ","Any other foods, coffee, tea incl. milk in tea",2,2,,1,,,,144,grp_a_consent/rpt_secg_foodcnsmptn,20,,,
1,Cereal staples or food from cereals,"Millet, sorghum, maize, rice, wheat, other grains, bread, noodles, biscuits, barley",7,1,,1,,,,145,grp_a_consent/rpt_secg_foodcnsmptn,23,,,
2,Vit A rich tubers & vegetables,"orange veg: pumpkin, carrot,  orange sweet potato ",0,,,,,,,146,grp_a_consent/rpt_secg_foodcnsmptn,23,,,
3,White tubers & roots,"Potatoes, yams & sweet potato, cassava, false banana or foods made from these",0,,,,,,,147,grp_a_consent/rpt_secg_foodcnsmptn,23,,,
4,Dark green leafy vegetables,"okra, spinach, sukuma wiki",2,2,,1,,,,148,grp_a_consent/rpt_secg_foodcnsmptn,23,,,
5,Other vegetables,"Tomato, onion, eggplant, cabbage, capsicum, mushroom, cucumber",7,2,,2,,,,149,grp_a_consent/rpt_secg_foodcnsmptn,23,,,
6,Vit A rich fruits,"orange fruits: ripe mango, apricot, peach, papaya",0,,,,,,,150,grp_a_consent/rpt_secg_foodcnsmptn,23,,,
7,Other fruit,"Apple, banana, plantain, pineapple, avocado",0,,,,,,,151,grp_a_consent/rpt_secg_foodcnsmptn,23,,,
8,Organ meat (iron rich),"Liver, kidney, heart, other organ meat (incl. intestine)",2,2,,2,,,,152,grp_a_consent/rpt_secg_foodcnsmptn,23,,,
9,Flesh meat,"Beef, pork, lamb, goat, rabbit, wild game, chicken, other poultry",0,,,,,,,153,grp_a_consent/rpt_secg_foodcnsmptn,23,,,
10,Eggs,Eggs,2,1,,2,,,,154,grp_a_consent/rpt_secg_foodcnsmptn,23,,,
11,Fish,Fresh or dried fish or shellfish,0,,,,,,,155,grp_a_consent/rpt_secg_foodcnsmptn,23,,,
12,Milk & milk products,"Milk, cheese, yoghurt, other milk products",7,1,,1,,,,156,grp_a_consent/rpt_secg_foodcnsmptn,23,,,
13,"Legumes, nuts, seeds","Beans, peas (chickpeas), lentils, nuts",4,1,,1,,,,157,grp_a_consent/rpt_secg_foodcnsmptn,23,,,
14,Oils and fats,"ANY oil, ANY  butter",0,,,,,,,158,grp_a_consent/rpt_secg_foodcnsmptn,23,,,
15,Sweets,"Sweets, sugar, honey",7,2,,1,,,,159,grp_a_consent/rpt_secg_foodcnsmptn,23,,,
16,"Spices, beverages, condiments ","Any other foods, coffee, tea incl. milk in tea",7,2,,2,,,,160,grp_a_consent/rpt_secg_foodcnsmptn,23,,,
1,Cereal staples or food from cereals,"Millet, sorghum, maize, rice, wheat, other grains, bread, noodles, biscuits, barley",14,1,,1,,,,161,grp_a_consent/rpt_secg_foodcnsmptn,24,,,
2,Vit A rich tubers & vegetables,"orange veg: pumpkin, carrot,  orange sweet potato ",0,,,,,,,162,grp_a_consent/rpt_secg_foodcnsmptn,24,,,
3,White tubers & roots,"Potatoes, yams & sweet potato, cassava, false banana or foods made from these",2,1,,2,,,,163,grp_a_consent/rpt_secg_foodcnsmptn,24,,,
4,Dark green leafy vegetables,"okra, spinach, sukuma wiki",4,2,,1,,,,164,grp_a_consent/rpt_secg_foodcnsmptn,24,,,
5,Other vegetables,"Tomato, onion, eggplant, cabbage, capsicum, mushroom, cucumber",7,2,,2,,,,165,grp_a_consent/rpt_secg_foodcnsmptn,24,,,
6,Vit A rich fruits,"orange fruits: ripe mango, apricot, peach, papaya",2,2,,2,,,,166,grp_a_consent/rpt_secg_foodcnsmptn,24,,,
7,Other fruit,"Apple, banana, plantain, pineapple, avocado",1,2,,2,,,,167,grp_a_consent/rpt_secg_foodcnsmptn,24,,,
8,Organ meat (iron rich),"Liver, kidney, heart, other organ meat (incl. intestine)",1,2,,2,,,,168,grp_a_consent/rpt_secg_foodcnsmptn,24,,,
9,Flesh meat,"Beef, pork, lamb, goat, rabbit, wild game, chicken, other poultry",2,2,,2,,,,169,grp_a_consent/rpt_secg_foodcnsmptn,24,,,
10,Eggs,Eggs,0,,,,,,,170,grp_a_consent/rpt_secg_foodcnsmptn,24,,,
11,Fish,Fresh or dried fish or shellfish,0,,,,,,,171,grp_a_consent/rpt_secg_foodcnsmptn,24,,,
12,Milk & milk products,"Milk, cheese, yoghurt, other milk products",7,2,,1,,,,172,grp_a_consent/rpt_secg_foodcnsmptn,24,,,
13,"Legumes, nuts, seeds","Beans, peas (chickpeas), lentils, nuts",7,2,,2,,,,173,grp_a_consent/rpt_secg_foodcnsmptn,24,,,
14,Oils and fats,"ANY oil, ANY  butter",0,,,,,,,174,grp_a_consent/rpt_secg_foodcnsmptn,24,,,
15,Sweets,"Sweets, sugar, honey",7,2,,1,,,,175,grp_a_consent/rpt_secg_foodcnsmptn,24,,,
16,"Spices, beverages, condiments ","Any other foods, coffee, tea incl. milk in tea",7,2,,2,,,,176,grp_a_consent/rpt_secg_foodcnsmptn,24,,,
1,Cereal staples or food from cereals,"Millet, sorghum, maize, rice, wheat, other grains, bread, noodles, biscuits, barley",4,1,,1,,,,177,grp_a_consent/rpt_secg_foodcnsmptn,25,,,
2,Vit A rich tubers & vegetables,"orange veg: pumpkin, carrot,  orange sweet potato ",3,2,,2,,,,178,grp_a_consent/rpt_secg_foodcnsmptn,25,,,
3,White tubers & roots,"Potatoes, yams & sweet potato, cassava, false banana or foods made from these",4,1,,1,,,,179,grp_a_consent/rpt_secg_foodcnsmptn,25,,,
4,Dark green leafy vegetables,"okra, spinach, sukuma wiki",14,1,,1,,,,180,grp_a_consent/rpt_secg_foodcnsmptn,25,,,
5,Other vegetables,"Tomato, onion, eggplant, cabbage, capsicum, mushroom, cucumber",14,2,,1,,,,181,grp_a_consent/rpt_secg_foodcnsmptn,25,,,
6,Vit A rich fruits,"orange fruits: ripe mango, apricot, peach, papaya",2,2,,2,,,,182,grp_a_consent/rpt_secg_foodcnsmptn,25,,,
7,Other fruit,"Apple, banana, plantain, pineapple, avocado",1,2,,2,,,,183,grp_a_consent/rpt_secg_foodcnsmptn,25,,,
8,Organ meat (iron rich),"Liver, kidney, heart, other organ meat (incl. intestine)",1,2,,2,,,,184,grp_a_consent/rpt_secg_foodcnsmptn,25,,,
9,Flesh meat,"Beef, pork, lamb, goat, rabbit, wild game, chicken, other poultry",2,2,,2,,,,185,grp_a_consent/rpt_secg_foodcnsmptn,25,,,
10,Eggs,Eggs,14,1,,1,,,,186,grp_a_consent/rpt_secg_foodcnsmptn,25,,,
11,Fish,Fresh or dried fish or shellfish,2,2,,2,,,,187,grp_a_consent/rpt_secg_foodcnsmptn,25,,,
12,Milk & milk products,"Milk, cheese, yoghurt, other milk products",14,1,,1,,,,188,grp_a_consent/rpt_secg_foodcnsmptn,25,,,
13,"Legumes, nuts, seeds","Beans, peas (chickpeas), lentils, nuts",3,1,,2,,,,189,grp_a_consent/rpt_secg_foodcnsmptn,25,,,
14,Oils and fats,"ANY oil, ANY  butter",14,2,,1,,,,190,grp_a_consent/rpt_secg_foodcnsmptn,25,,,
15,Sweets,"Sweets, sugar, honey",14,2,,1,,,,191,grp_a_consent/rpt_secg_foodcnsmptn,25,,,
16,"Spices, beverages, condiments ","Any other foods, coffee, tea incl. milk in tea",14,2,,1,,,,192,grp_a_consent/rpt_secg_foodcnsmptn,25,,,
