grp_a_consent/grp_d1_inputs/rpt_d3_laborinputs/rpt_d3_activity/d3_activities,grp_a_consent/grp_d1_inputs/rpt_d3_laborinputs/rpt_d3_activity/d3_famlabor,grp_a_consent/grp_d1_inputs/rpt_d3_laborinputs/rpt_d3_activity/d3_hiredlabor,_id,_uuid,_submission_time,_index,_parent_table_name,_parent_index,_tags,_notes,_version
1,1.0,0.0,,,,1,grp_a_consent/grp_d1_inputs/rpt_d3_laborinputs,1,,,
2,1.0,0.0,,,,2,grp_a_consent/grp_d1_inputs/rpt_d3_laborinputs,1,,,
4,1.0,0.0,,,,3,grp_a_consent/grp_d1_inputs/rpt_d3_laborinputs,1,,,
4,1.0,0.0,,,,4,grp_a_consent/grp_d1_inputs/rpt_d3_laborinputs,1,,,
8,1.0,0.0,,,,5,grp_a_consent/grp_d1_inputs/rpt_d3_laborinputs,1,,,
9,1.0,0.0,,,,6,grp_a_consent/grp_d1_inputs/rpt_d3_laborinputs,1,,,
2,2.0,20.0,,,,7,grp_a_consent/grp_d1_inputs/rpt_d3_laborinputs,2,,,
3,2.0,5.0,,,,8,grp_a_consent/grp_d1_inputs/rpt_d3_laborinputs,2,,,
4,2.0,15.0,,,,9,grp_a_consent/grp_d1_inputs/rpt_d3_laborinputs,2,,,
5,2.0,4.0,,,,10,grp_a_consent/grp_d1_inputs/rpt_d3_laborinputs,2,,,
6,2.0,4.0,,,,11,grp_a_consent/grp_d1_inputs/rpt_d3_laborinputs,2,,,
7,2.0,4.0,,,,12,grp_a_consent/grp_d1_inputs/rpt_d3_laborinputs,2,,,
8,2.0,60.0,,,,13,grp_a_consent/grp_d1_inputs/rpt_d3_laborinputs,2,,,
9,2.0,20.0,,,,14,grp_a_consent/grp_d1_inputs/rpt_d3_laborinputs,2,,,
2,2.0,5.0,,,,15,grp_a_consent/grp_d1_inputs/rpt_d3_laborinputs,3,,,
3,2.0,0.0,,,,16,grp_a_consent/grp_d1_inputs/rpt_d3_laborinputs,3,,,
4,4.0,6.0,,,,17,grp_a_consent/grp_d1_inputs/rpt_d3_laborinputs,3,,,
6,2.0,1.0,,,,18,grp_a_consent/grp_d1_inputs/rpt_d3_laborinputs,3,,,
7,2.0,0.0,,,,19,grp_a_consent/grp_d1_inputs/rpt_d3_laborinputs,3,,,
8,2.0,5.0,,,,20,grp_a_consent/grp_d1_inputs/rpt_d3_laborinputs,3,,,
9,2.0,5.0,,,,21,grp_a_consent/grp_d1_inputs/rpt_d3_laborinputs,3,,,
2,3.0,3.0,,,,22,grp_a_consent/grp_d1_inputs/rpt_d3_laborinputs,4,,,
3,2.0,0.0,,,,23,grp_a_consent/grp_d1_inputs/rpt_d3_laborinputs,4,,,
4,6.0,6.0,,,,24,grp_a_consent/grp_d1_inputs/rpt_d3_laborinputs,4,,,
6,2.0,0.0,,,,25,grp_a_consent/grp_d1_inputs/rpt_d3_laborinputs,4,,,
7,2.0,0.0,,,,26,grp_a_consent/grp_d1_inputs/rpt_d3_laborinputs,4,,,
8,2.0,2.0,,,,27,grp_a_consent/grp_d1_inputs/rpt_d3_laborinputs,4,,,
9,2.0,0.0,,,,28,grp_a_consent/grp_d1_inputs/rpt_d3_laborinputs,4,,,
2,0.0,15.0,,,,29,grp_a_consent/grp_d1_inputs/rpt_d3_laborinputs,5,,,
4,0.0,12.0,,,,30,grp_a_consent/grp_d1_inputs/rpt_d3_laborinputs,5,,,
6,0.0,2.0,,,,31,grp_a_consent/grp_d1_inputs/rpt_d3_laborinputs,5,,,
8,0.0,15.0,,,,32,grp_a_consent/grp_d1_inputs/rpt_d3_laborinputs,5,,,
9,0.0,2.0,,,,33,grp_a_consent/grp_d1_inputs/rpt_d3_laborinputs,5,,,
2,6.0,0.0,,,,34,grp_a_consent/grp_d1_inputs/rpt_d3_laborinputs,6,,,
4,6.0,0.0,,,,35,grp_a_consent/grp_d1_inputs/rpt_d3_laborinputs,6,,,
6,1.0,0.0,,,,36,grp_a_consent/grp_d1_inputs/rpt_d3_laborinputs,6,,,
8,20.0,0.0,,,,37,grp_a_consent/grp_d1_inputs/rpt_d3_laborinputs,6,,,
1,2.0,0.0,,,,38,grp_a_consent/grp_d1_inputs/rpt_d3_laborinputs,7,,,
2,2.0,0.0,,,,39,grp_a_consent/grp_d1_inputs/rpt_d3_laborinputs,7,,,
4,3.0,0.0,,,,40,grp_a_consent/grp_d1_inputs/rpt_d3_laborinputs,7,,,
8,4.0,0.0,,,,41,grp_a_consent/grp_d1_inputs/rpt_d3_laborinputs,7,,,
2,0.0,4.0,,,,42,grp_a_consent/grp_d1_inputs/rpt_d3_laborinputs,8,,,
3,0.0,4.0,,,,43,grp_a_consent/grp_d1_inputs/rpt_d3_laborinputs,8,,,
4,0.0,4.0,,,,44,grp_a_consent/grp_d1_inputs/rpt_d3_laborinputs,8,,,
6,0.0,1.0,,,,45,grp_a_consent/grp_d1_inputs/rpt_d3_laborinputs,8,,,
8,0.0,4.0,,,,46,grp_a_consent/grp_d1_inputs/rpt_d3_laborinputs,8,,,
9,0.0,4.0,,,,47,grp_a_consent/grp_d1_inputs/rpt_d3_laborinputs,8,,,
1,2500.0,0.0,,,,48,grp_a_consent/grp_d1_inputs/rpt_d3_laborinputs,9,,,
2,0.0,4.0,,,,49,grp_a_consent/grp_d1_inputs/rpt_d3_laborinputs,9,,,
3,0.0,0.0,,,,50,grp_a_consent/grp_d1_inputs/rpt_d3_laborinputs,9,,,
4,0.0,600.0,,,,51,grp_a_consent/grp_d1_inputs/rpt_d3_laborinputs,9,,,
8,0.0,4.0,,,,52,grp_a_consent/grp_d1_inputs/rpt_d3_laborinputs,9,,,
1,0.0,2500.0,,,,53,grp_a_consent/grp_d1_inputs/rpt_d3_laborinputs,10,,,
2,0.0,8.0,,,,54,grp_a_consent/grp_d1_inputs/rpt_d3_laborinputs,10,,,
4,0.0,6.0,,,,55,grp_a_consent/grp_d1_inputs/rpt_d3_laborinputs,10,,,
8,0.0,12.0,,,,56,grp_a_consent/grp_d1_inputs/rpt_d3_laborinputs,10,,,
1,1.0,0.0,,,,57,grp_a_consent/grp_d1_inputs/rpt_d3_laborinputs,11,,,
2,0.0,1.0,,,,58,grp_a_consent/grp_d1_inputs/rpt_d3_laborinputs,11,,,
4,0.0,1.0,,,,59,grp_a_consent/grp_d1_inputs/rpt_d3_laborinputs,11,,,
8,0.0,4.0,,,,60,grp_a_consent/grp_d1_inputs/rpt_d3_laborinputs,11,,,
1,3.0,0.0,,,,61,grp_a_consent/grp_d1_inputs/rpt_d3_laborinputs,12,,,
4,0.0,6.0,,,,62,grp_a_consent/grp_d1_inputs/rpt_d3_laborinputs,13,,,
6,1.0,0.0,,,,63,grp_a_consent/grp_d1_inputs/rpt_d3_laborinputs,14,,,
2,3.0,2.0,,,,64,grp_a_consent/grp_d1_inputs/rpt_d3_laborinputs,14,,,
1,1.0,0.0,,,,65,grp_a_consent/grp_d1_inputs/rpt_d3_laborinputs,15,,,
2,0.0,1.0,,,,66,grp_a_consent/grp_d1_inputs/rpt_d3_laborinputs,15,,,
4,0.0,1.0,,,,67,grp_a_consent/grp_d1_inputs/rpt_d3_laborinputs,15,,,
8,0.0,4.0,,,,68,grp_a_consent/grp_d1_inputs/rpt_d3_laborinputs,15,,,
1,1.0,0.0,,,,69,grp_a_consent/grp_d1_inputs/rpt_d3_laborinputs,16,,,
2,1.0,0.0,,,,70,grp_a_consent/grp_d1_inputs/rpt_d3_laborinputs,16,,,
4,1.0,0.0,,,,71,grp_a_consent/grp_d1_inputs/rpt_d3_laborinputs,16,,,
8,1.0,0.0,,,,72,grp_a_consent/grp_d1_inputs/rpt_d3_laborinputs,16,,,
